"CountryCode","Year","Sex","LifeExpectancyAt60"
"AFG",2000,"MLE",13.63259
"AFG",2010,"MLE",15.07067
"AFG",2015,"MLE",15.67539
"AFG",2019,"MLE",15.39356
"AFG",2000,"FMLE",14.20647
"AFG",2010,"FMLE",15.16855
"AFG",2015,"FMLE",15.51821
"AFG",2019,"FMLE",15.05771
"AFG",2000,"BTSX",13.92182
"AFG",2010,"BTSX",15.12046
"AFG",2015,"BTSX",15.58858
"AFG",2019,"BTSX",15.21116
"AGO",2000,"MLE",12.82086
"AGO",2010,"MLE",14.3696
"AGO",2015,"MLE",14.99474
"AGO",2019,"MLE",15.37612
"AGO",2000,"FMLE",16.00562
"AGO",2010,"FMLE",17.54322
"AGO",2015,"FMLE",18.41525
"AGO",2019,"FMLE",18.55177
"AGO",2000,"BTSX",14.41537
"AGO",2010,"BTSX",15.97037
"AGO",2015,"BTSX",16.70558
"AGO",2019,"BTSX",16.98254
"ALB",2000,"MLE",17.10085
"ALB",2010,"MLE",19.94106
"ALB",2015,"MLE",20.13324
"ALB",2019,"MLE",20.21802
"ALB",2000,"FMLE",21.2058
"ALB",2010,"FMLE",22.63415
"ALB",2015,"FMLE",22.1517
"ALB",2019,"FMLE",21.94139
"ALB",2000,"BTSX",18.9965
"ALB",2010,"BTSX",21.30705
"ALB",2015,"BTSX",21.12651
"ALB",2019,"BTSX",21.03024
"ARE",2000,"MLE",17.97226
"ARE",2010,"MLE",18.78866
"ARE",2015,"MLE",18.61118
"ARE",2019,"MLE",19.18054
"ARE",2000,"FMLE",19.83245
"ARE",2010,"FMLE",21.18052
"ARE",2015,"FMLE",21.28877
"ARE",2019,"FMLE",21.6932
"ARE",2000,"BTSX",18.68954
"ARE",2010,"BTSX",19.52888
"ARE",2015,"BTSX",19.41152
"ARE",2019,"BTSX",19.9195
"ARG",2000,"MLE",17.58203
"ARG",2010,"MLE",18.26594
"ARG",2015,"MLE",18.63383
"ARG",2019,"MLE",18.8424
"ARG",2000,"FMLE",22.5176
"ARG",2010,"FMLE",22.6963
"ARG",2015,"FMLE",23.04211
"ARG",2019,"FMLE",23.08149
"ARG",2000,"BTSX",20.18435
"ARG",2010,"BTSX",20.62202
"ARG",2015,"BTSX",20.98281
"ARG",2019,"BTSX",21.10569
"ARM",2000,"MLE",17.07504
"ARM",2010,"MLE",16.76439
"ARM",2015,"MLE",17.32031
"ARM",2019,"MLE",18.24439
"ARM",2000,"FMLE",20.23012
"ARM",2010,"FMLE",20.52249
"ARM",2015,"FMLE",21.17347
"ARM",2019,"FMLE",22.14937
"ARM",2000,"BTSX",18.81273
"ARM",2010,"BTSX",18.79116
"ARM",2015,"BTSX",19.42225
"ARM",2019,"BTSX",20.40912
"ATG",2000,"MLE",19.11551
"ATG",2010,"MLE",19.13809
"ATG",2015,"MLE",19.58714
"ATG",2019,"MLE",19.80667
"ATG",2000,"FMLE",21.31565
"ATG",2010,"FMLE",21.77437
"ATG",2015,"FMLE",21.19921
"ATG",2019,"FMLE",21.31431
"ATG",2000,"BTSX",20.27213
"ATG",2010,"BTSX",20.49768
"ATG",2015,"BTSX",20.43042
"ATG",2019,"BTSX",20.58658
"AUS",2000,"MLE",21.21776
"AUS",2010,"MLE",23.28758
"AUS",2015,"MLE",23.71678
"AUS",2019,"MLE",24.36551
"AUS",2000,"FMLE",24.85136
"AUS",2010,"FMLE",26.12805
"AUS",2015,"FMLE",26.26551
"AUS",2019,"FMLE",26.82651
"AUS",2000,"BTSX",23.10601
"AUS",2010,"BTSX",24.73881
"AUS",2015,"BTSX",25.0094
"AUS",2019,"BTSX",25.61516
"AUT",2000,"MLE",19.7297
"AUT",2010,"MLE",21.43645
"AUT",2015,"MLE",21.79523
"AUT",2019,"MLE",22.42696
"AUT",2000,"FMLE",23.6939
"AUT",2010,"FMLE",25.16038
"AUT",2015,"FMLE",25.21209
"AUT",2019,"FMLE",25.59926
"AUT",2000,"BTSX",21.95156
"AUT",2010,"BTSX",23.43472
"AUT",2015,"BTSX",23.59105
"AUT",2019,"BTSX",24.09157
"AZE",2000,"MLE",15.12332
"AZE",2010,"MLE",14.95343
"AZE",2015,"MLE",15.13816
"AZE",2019,"MLE",15.64735
"AZE",2000,"FMLE",17.87904
"AZE",2010,"FMLE",17.64102
"AZE",2015,"FMLE",17.9467
"AZE",2019,"FMLE",18.32116
"AZE",2000,"BTSX",16.61171
"AZE",2010,"BTSX",16.36495
"AZE",2015,"BTSX",16.6171
"AZE",2019,"BTSX",17.05974
"BDI",2000,"MLE",11.77394
"BDI",2010,"MLE",14.24017
"BDI",2015,"MLE",14.85207
"BDI",2019,"MLE",15.221
"BDI",2000,"FMLE",14.02612
"BDI",2010,"FMLE",16.82963
"BDI",2015,"FMLE",17.38546
"BDI",2019,"FMLE",17.62977
"BDI",2000,"BTSX",12.9724
"BDI",2010,"BTSX",15.61196
"BDI",2015,"BTSX",16.17832
"BDI",2019,"BTSX",16.47308
"BEL",2000,"MLE",19.30914
"BEL",2010,"MLE",21.12148
"BEL",2015,"MLE",21.847
"BEL",2019,"MLE",22.32841
"BEL",2000,"FMLE",23.69473
"BEL",2010,"FMLE",24.8801
"BEL",2015,"FMLE",25.15147
"BEL",2019,"FMLE",25.5833
"BEL",2000,"BTSX",21.63166
"BEL",2010,"BTSX",23.10626
"BEL",2015,"BTSX",23.585
"BEL",2019,"BTSX",24.02222
"BEN",2000,"MLE",14.49027
"BEN",2010,"MLE",15.16484
"BEN",2015,"MLE",15.62039
"BEN",2019,"MLE",16.12865
"BEN",2000,"FMLE",17.41239
"BEN",2010,"FMLE",17.96548
"BEN",2015,"FMLE",18.20796
"BEN",2019,"FMLE",18.52186
"BEN",2000,"BTSX",16.07895
"BEN",2010,"BTSX",16.68753
"BEN",2015,"BTSX",17.00945
"BEN",2019,"BTSX",17.40227
"BFA",2000,"MLE",14.09927
"BFA",2010,"MLE",14.53477
"BFA",2015,"MLE",14.7517
"BFA",2019,"MLE",15.23073
"BFA",2000,"FMLE",16.62066
"BFA",2010,"FMLE",17.42918
"BFA",2015,"FMLE",17.76293
"BFA",2019,"FMLE",18.0622
"BFA",2000,"BTSX",15.52384
"BFA",2010,"BTSX",16.16793
"BFA",2015,"BTSX",16.44196
"BFA",2019,"BTSX",16.81751
"BGD",2000,"MLE",17.10725
"BGD",2010,"MLE",18.06347
"BGD",2015,"MLE",20.49308
"BGD",2019,"MLE",20.25749
"BGD",2000,"FMLE",18.70139
"BGD",2010,"FMLE",20.14058
"BGD",2015,"FMLE",21.36941
"BGD",2019,"FMLE",21.53054
"BGD",2000,"BTSX",17.84105
"BGD",2010,"BTSX",19.0189
"BGD",2015,"BTSX",20.9037
"BGD",2019,"BTSX",20.86123
"BGR",2000,"MLE",15.8561
"BGR",2010,"MLE",16.69488
"BGR",2015,"MLE",17.05957
"BGR",2019,"MLE",17.40699
"BGR",2000,"FMLE",19.19707
"BGR",2010,"FMLE",20.92172
"BGR",2015,"FMLE",21.50453
"BGR",2019,"FMLE",21.97048
"BGR",2000,"BTSX",17.59515
"BGR",2010,"BTSX",18.91896
"BGR",2015,"BTSX",19.40438
"BGR",2019,"BTSX",19.81913
"BHR",2000,"MLE",14.45724
"BHR",2010,"MLE",17.37833
"BHR",2015,"MLE",19.38643
"BHR",2019,"MLE",18.72444
"BHR",2000,"FMLE",15.61054
"BHR",2010,"FMLE",18.26713
"BHR",2015,"FMLE",19.95009
"BHR",2019,"FMLE",19.36007
"BHR",2000,"BTSX",14.96732
"BHR",2010,"BTSX",17.82102
"BHR",2015,"BTSX",19.67225
"BHR",2019,"BTSX",19.00567
"BHS",2000,"MLE",18.2528
"BHS",2010,"MLE",19.00824
"BHS",2015,"MLE",19.30309
"BHS",2019,"MLE",19.1216
"BHS",2000,"FMLE",21.36606
"BHS",2010,"FMLE",22.21572
"BHS",2015,"FMLE",22.27824
"BHS",2019,"FMLE",22.3939
"BHS",2000,"BTSX",19.94577
"BHS",2010,"BTSX",20.69643
"BHS",2015,"BTSX",20.87737
"BHS",2019,"BTSX",20.8422
"BIH",2000,"MLE",17.6779
"BIH",2010,"MLE",18.21702
"BIH",2015,"MLE",18.26916
"BIH",2019,"MLE",18.59314
"BIH",2000,"FMLE",21.09557
"BIH",2010,"FMLE",21.03172
"BIH",2015,"FMLE",21.25263
"BIH",2019,"FMLE",21.56212
"BIH",2000,"BTSX",19.57512
"BIH",2010,"BTSX",19.72854
"BIH",2015,"BTSX",19.84803
"BIH",2019,"BTSX",20.16114
"BLR",2000,"MLE",14.06548
"BLR",2010,"MLE",14.13965
"BLR",2015,"MLE",15.6741
"BLR",2019,"MLE",16.03965
"BLR",2000,"FMLE",19.44722
"BLR",2010,"FMLE",20.51221
"BLR",2015,"FMLE",21.87248
"BLR",2019,"FMLE",22.48084
"BLR",2000,"BTSX",17.15109
"BLR",2010,"BTSX",17.72123
"BLR",2015,"BTSX",19.22635
"BLR",2019,"BTSX",19.71866
"BLZ",2000,"MLE",17.02209
"BLZ",2010,"MLE",20.55608
"BLZ",2015,"MLE",20.39749
"BLZ",2019,"MLE",20.31975
"BLZ",2000,"FMLE",20.72923
"BLZ",2010,"FMLE",22.15227
"BLZ",2015,"FMLE",22.75498
"BLZ",2019,"FMLE",22.92542
"BLZ",2000,"BTSX",18.73611
"BLZ",2010,"BTSX",21.29657
"BLZ",2015,"BTSX",21.47434
"BLZ",2019,"BTSX",21.53238
"BOL",2000,"MLE",17.19475
"BOL",2010,"MLE",18.15619
"BOL",2015,"MLE",18.07467
"BOL",2019,"MLE",18.04044
"BOL",2000,"FMLE",18.36396
"BOL",2010,"FMLE",18.87307
"BOL",2015,"FMLE",18.90967
"BOL",2019,"FMLE",19.05573
"BOL",2000,"BTSX",17.79955
"BOL",2010,"BTSX",18.52945
"BOL",2015,"BTSX",18.50566
"BOL",2019,"BTSX",18.56203
"BRA",2000,"MLE",17.95599
"BRA",2010,"MLE",19.02023
"BRA",2015,"MLE",19.65012
"BRA",2019,"MLE",20.08655
"BRA",2000,"FMLE",21.30753
"BRA",2010,"FMLE",22.42419
"BRA",2015,"FMLE",22.99521
"BRA",2019,"FMLE",23.50729
"BRA",2000,"BTSX",19.69747
"BRA",2010,"BTSX",20.81183
"BRA",2015,"BTSX",21.42377
"BRA",2019,"BTSX",21.90207
"BRB",2000,"MLE",19.68561
"BRB",2010,"MLE",20.80834
"BRB",2015,"MLE",21.01266
"BRB",2019,"MLE",19.93827
"BRB",2000,"FMLE",21.5232
"BRB",2010,"FMLE",21.69327
"BRB",2015,"FMLE",21.71943
"BRB",2019,"FMLE",21.79063
"BRB",2000,"BTSX",20.71631
"BRB",2010,"BTSX",21.29921
"BRB",2015,"BTSX",21.39643
"BRB",2019,"BTSX",20.92302
"BRN",2000,"MLE",16.21333
"BRN",2010,"MLE",18.40824
"BRN",2015,"MLE",18.67176
"BRN",2019,"MLE",18.96906
"BRN",2000,"FMLE",17.41208
"BRN",2010,"FMLE",19.55717
"BRN",2015,"FMLE",19.35874
"BRN",2019,"FMLE",19.38045
"BRN",2000,"BTSX",16.78324
"BRN",2010,"BTSX",19.00035
"BRN",2015,"BTSX",19.02835
"BRN",2019,"BTSX",19.17096
"BTN",2000,"MLE",17.71111
"BTN",2010,"MLE",18.42244
"BTN",2015,"MLE",18.71894
"BTN",2019,"MLE",18.88855
"BTN",2000,"FMLE",18.2259
"BTN",2010,"FMLE",19.48399
"BTN",2015,"FMLE",19.71625
"BTN",2019,"FMLE",19.94531
"BTN",2000,"BTSX",17.94748
"BTN",2010,"BTSX",18.8915
"BTN",2015,"BTSX",19.16051
"BTN",2019,"BTSX",19.36012
"BWA",2000,"MLE",10.39295
"BWA",2010,"MLE",13.05543
"BWA",2015,"MLE",13.88858
"BWA",2019,"MLE",14.16167
"BWA",2000,"FMLE",15.8183
"BWA",2010,"FMLE",17.31952
"BWA",2015,"FMLE",17.61233
"BWA",2019,"FMLE",17.97302
"BWA",2000,"BTSX",12.92455
"BWA",2010,"BTSX",15.26207
"BWA",2015,"BTSX",15.88702
"BWA",2019,"BTSX",16.24883
"CAF",2000,"MLE",10.14748
"CAF",2010,"MLE",10.72568
"CAF",2015,"MLE",10.98759
"CAF",2019,"MLE",11.31051
"CAF",2000,"FMLE",13.37044
"CAF",2010,"FMLE",14.20045
"CAF",2015,"FMLE",14.39733
"CAF",2019,"FMLE",14.85052
"CAF",2000,"BTSX",11.7695
"CAF",2010,"BTSX",12.51403
"CAF",2015,"BTSX",12.77284
"CAF",2019,"BTSX",13.16634
"CAN",2000,"MLE",20.53786
"CAN",2010,"MLE",22.83945
"CAN",2015,"MLE",23.34338
"CAN",2019,"MLE",23.83582
"CAN",2000,"FMLE",24.26888
"CAN",2010,"FMLE",25.70212
"CAN",2015,"FMLE",25.98486
"CAN",2019,"FMLE",26.38066
"CAN",2000,"BTSX",22.51449
"CAN",2010,"BTSX",24.35057
"CAN",2015,"BTSX",24.72397
"CAN",2019,"BTSX",25.15211
"CHE",2000,"MLE",20.83634
"CHE",2010,"MLE",22.85678
"CHE",2015,"MLE",23.29617
"CHE",2019,"MLE",24.09287
"CHE",2000,"FMLE",24.80434
"CHE",2010,"FMLE",26.18852
"CHE",2015,"FMLE",26.22992
"CHE",2019,"FMLE",26.64617
"CHE",2000,"BTSX",22.99131
"CHE",2010,"BTSX",24.64704
"CHE",2015,"BTSX",24.8409
"CHE",2019,"BTSX",25.42622
"CHL",2000,"MLE",19.24646
"CHL",2010,"MLE",20.40373
"CHL",2015,"MLE",21.59913
"CHL",2019,"MLE",22.41061
"CHL",2000,"FMLE",23.08576
"CHL",2010,"FMLE",24.21569
"CHL",2015,"FMLE",25.34514
"CHL",2019,"FMLE",25.87613
"CHL",2000,"BTSX",21.32072
"CHL",2010,"BTSX",22.45455
"CHL",2015,"BTSX",23.61345
"CHL",2019,"BTSX",24.27432
"CHN",2000,"MLE",16.91879
"CHN",2010,"MLE",17.85859
"CHN",2015,"MLE",18.64987
"CHN",2019,"MLE",19.18922
"CHN",2000,"FMLE",20.09238
"CHN",2010,"FMLE",21.52052
"CHN",2015,"FMLE",22.74224
"CHN",2019,"FMLE",23.07986
"CHN",2000,"BTSX",18.43481
"CHN",2010,"BTSX",19.57869
"CHN",2015,"BTSX",20.57813
"CHN",2019,"BTSX",21.05592
"CIV",2000,"MLE",12.9146
"CIV",2010,"MLE",14.25535
"CIV",2015,"MLE",15.06924
"CIV",2019,"MLE",15.84444
"CIV",2000,"FMLE",16.81178
"CIV",2010,"FMLE",17.51949
"CIV",2015,"FMLE",18.14327
"CIV",2019,"FMLE",18.6902
"CIV",2000,"BTSX",14.49633
"CIV",2010,"BTSX",15.64794
"CIV",2015,"BTSX",16.39392
"CIV",2019,"BTSX",17.08477
"CMR",2000,"MLE",13.67728
"CMR",2010,"MLE",14.43815
"CMR",2015,"MLE",15.02234
"CMR",2019,"MLE",15.76711
"CMR",2000,"FMLE",16.40808
"CMR",2010,"FMLE",17.25393
"CMR",2015,"FMLE",17.71414
"CMR",2019,"FMLE",18.34626
"CMR",2000,"BTSX",15.05659
"CMR",2010,"BTSX",15.88012
"CMR",2015,"BTSX",16.40722
"CMR",2019,"BTSX",17.0935
"COD",2000,"MLE",13.28201
"COD",2010,"MLE",14.14408
"COD",2015,"MLE",14.92793
"COD",2019,"MLE",15.35025
"COD",2000,"FMLE",16.37929
"COD",2010,"FMLE",16.76998
"COD",2015,"FMLE",17.52332
"COD",2019,"FMLE",17.87564
"COD",2000,"BTSX",14.87635
"COD",2010,"BTSX",15.49009
"COD",2015,"BTSX",16.24967
"COD",2019,"BTSX",16.6302
"COG",2000,"MLE",12.77586
"COG",2010,"MLE",15.16086
"COG",2015,"MLE",15.50839
"COG",2019,"MLE",15.71496
"COG",2000,"FMLE",14.72978
"COG",2010,"FMLE",16.05134
"COG",2015,"FMLE",16.60241
"COG",2019,"FMLE",17.06684
"COG",2000,"BTSX",13.86793
"COG",2010,"BTSX",15.66505
"COG",2015,"BTSX",16.11145
"COG",2019,"BTSX",16.4464
"COL",2000,"MLE",20.2905
"COL",2010,"MLE",21.63741
"COL",2015,"MLE",21.99516
"COL",2019,"MLE",22.48425
"COL",2000,"FMLE",23.06326
"COL",2010,"FMLE",24.27291
"COL",2015,"FMLE",24.67866
"COL",2019,"FMLE",25.26866
"COL",2000,"BTSX",21.74144
"COL",2010,"BTSX",23.03183
"COL",2015,"BTSX",23.41622
"COL",2019,"BTSX",23.95938
"COM",2000,"MLE",15.56029
"COM",2010,"MLE",16.922
"COM",2015,"MLE",17.22152
"COM",2019,"MLE",17.44422
"COM",2000,"FMLE",17.03182
"COM",2010,"FMLE",18.20874
"COM",2015,"FMLE",18.54134
"COM",2019,"FMLE",18.75475
"COM",2000,"BTSX",16.34116
"COM",2010,"BTSX",17.60318
"COM",2015,"BTSX",17.91739
"COM",2019,"BTSX",18.13271
"CPV",2000,"MLE",18.16738
"CPV",2010,"MLE",20.84867
"CPV",2015,"MLE",21.02976
"CPV",2019,"MLE",16.81792
"CPV",2000,"FMLE",22.2527
"CPV",2010,"FMLE",22.88421
"CPV",2015,"FMLE",22.12189
"CPV",2019,"FMLE",21.77146
"CPV",2000,"BTSX",20.36118
"CPV",2010,"BTSX",22.07198
"CPV",2015,"BTSX",21.69371
"CPV",2019,"BTSX",19.65517
"CRI",2000,"MLE",20.78094
"CRI",2010,"MLE",22.49287
"CRI",2015,"MLE",23.31598
"CRI",2019,"MLE",23.58388
"CRI",2000,"FMLE",23.96025
"CRI",2010,"FMLE",25.3951
"CRI",2015,"FMLE",26.3589
"CRI",2019,"FMLE",26.40328
"CRI",2000,"BTSX",22.38462
"CRI",2010,"BTSX",23.96989
"CRI",2015,"BTSX",24.8664
"CRI",2019,"BTSX",25.02802
"CUB",2000,"MLE",20.22998
"CUB",2010,"MLE",20.13843
"CUB",2015,"MLE",20.34403
"CUB",2019,"MLE",19.98318
"CUB",2000,"FMLE",22.98259
"CUB",2010,"FMLE",22.90981
"CUB",2015,"FMLE",23.23844
"CUB",2019,"FMLE",23.17714
"CUB",2000,"BTSX",21.60023
"CUB",2010,"BTSX",21.53136
"CUB",2015,"BTSX",21.8081
"CUB",2019,"BTSX",21.59241
"CYP",2000,"MLE",20.36957
"CYP",2010,"MLE",22.16106
"CYP",2015,"MLE",22.60652
"CYP",2019,"MLE",23.30809
"CYP",2000,"FMLE",23.24316
"CYP",2010,"FMLE",24.82716
"CYP",2015,"FMLE",25.63816
"CYP",2019,"FMLE",26.42715
"CYP",2000,"BTSX",21.85754
"CYP",2010,"BTSX",23.54269
"CYP",2015,"BTSX",24.1728
"CYP",2019,"BTSX",24.91942
"CZE",2000,"MLE",17.02598
"CZE",2010,"MLE",18.77045
"CZE",2015,"MLE",19.33787
"CZE",2019,"MLE",19.92919
"CZE",2000,"FMLE",21.26231
"CZE",2010,"FMLE",22.95369
"CZE",2015,"FMLE",23.40351
"CZE",2019,"FMLE",24.00078
"CZE",2000,"BTSX",19.33768
"CZE",2010,"BTSX",21.01207
"CZE",2015,"BTSX",21.49508
"CZE",2019,"BTSX",22.06973
"DEU",2000,"MLE",19.47009
"DEU",2010,"MLE",21.39982
"DEU",2015,"MLE",21.46168
"DEU",2019,"MLE",21.86726
"DEU",2000,"FMLE",23.56962
"DEU",2010,"FMLE",24.76417
"DEU",2015,"FMLE",24.83876
"DEU",2019,"FMLE",26.87273
"DEU",2000,"BTSX",21.7505
"DEU",2010,"BTSX",23.15471
"DEU",2015,"BTSX",23.21284
"DEU",2019,"BTSX",24.41208
"DJI",2000,"MLE",14.91666
"DJI",2010,"MLE",15.80988
"DJI",2015,"MLE",16.30686
"DJI",2019,"MLE",16.63471
"DJI",2000,"FMLE",17.68142
"DJI",2010,"FMLE",18.42346
"DJI",2015,"FMLE",18.73272
"DJI",2019,"FMLE",18.96071
"DJI",2000,"BTSX",16.28793
"DJI",2010,"BTSX",17.0644
"DJI",2015,"BTSX",17.47813
"DJI",2019,"BTSX",17.75723
"DNK",2000,"MLE",18.97174
"DNK",2010,"MLE",20.76275
"DNK",2015,"MLE",21.78166
"DNK",2019,"MLE",22.25902
"DNK",2000,"FMLE",22.083
"DNK",2010,"FMLE",23.50118
"DNK",2015,"FMLE",24.45259
"DNK",2019,"FMLE",24.85155
"DNK",2000,"BTSX",20.63325
"DNK",2010,"BTSX",22.19455
"DNK",2015,"BTSX",23.16479
"DNK",2019,"BTSX",23.59464
"DOM",2000,"MLE",20.73676
"DOM",2010,"MLE",19.97991
"DOM",2015,"MLE",18.55331
"DOM",2019,"MLE",18.98523
"DOM",2000,"FMLE",24.37822
"DOM",2010,"FMLE",22.85299
"DOM",2015,"FMLE",22.01844
"DOM",2019,"FMLE",22.36033
"DOM",2000,"BTSX",22.42306
"DOM",2010,"BTSX",21.38424
"DOM",2015,"BTSX",20.23917
"DOM",2019,"BTSX",20.64724
"DZA",2000,"MLE",19.35888
"DZA",2010,"MLE",20.8905
"DZA",2015,"MLE",21.32939
"DZA",2019,"MLE",21.53045
"DZA",2000,"FMLE",20.25175
"DZA",2010,"FMLE",21.85451
"DZA",2015,"FMLE",22.33388
"DZA",2019,"FMLE",22.62011
"DZA",2000,"BTSX",19.80911
"DZA",2010,"BTSX",21.36816
"DZA",2015,"BTSX",21.81046
"DZA",2019,"BTSX",22.04483
"ECU",2000,"MLE",20.75323
"ECU",2010,"MLE",20.44043
"ECU",2015,"MLE",21.39504
"ECU",2019,"MLE",22.03512
"ECU",2000,"FMLE",23.09301
"ECU",2010,"FMLE",22.76713
"ECU",2015,"FMLE",23.61479
"ECU",2019,"FMLE",24.31149
"ECU",2000,"BTSX",21.94214
"ECU",2010,"BTSX",21.62346
"ECU",2015,"BTSX",22.53198
"ECU",2019,"BTSX",23.20397
"EGY",2000,"MLE",16.77353
"EGY",2010,"MLE",16.31344
"EGY",2015,"MLE",15.73154
"EGY",2019,"MLE",16.48795
"EGY",2000,"FMLE",19.99001
"EGY",2010,"FMLE",19.07337
"EGY",2015,"FMLE",18.26039
"EGY",2019,"FMLE",19.10971
"EGY",2000,"BTSX",18.46444
"EGY",2010,"BTSX",17.74868
"EGY",2015,"BTSX",17.02711
"EGY",2019,"BTSX",17.82616
"ERI",2000,"MLE",11.69641
"ERI",2010,"MLE",12.90314
"ERI",2015,"MLE",13.58498
"ERI",2019,"MLE",14.12736
"ERI",2000,"FMLE",15.56229
"ERI",2010,"FMLE",16.22359
"ERI",2015,"FMLE",16.55057
"ERI",2019,"FMLE",16.82371
"ERI",2000,"BTSX",13.51395
"ERI",2010,"BTSX",14.5292
"ERI",2015,"BTSX",15.08294
"ERI",2019,"BTSX",15.49802
"ESP",2000,"MLE",20.34327
"ESP",2010,"MLE",22.15372
"ESP",2015,"MLE",22.56729
"ESP",2019,"MLE",23.27987
"ESP",2000,"FMLE",24.82263
"ESP",2010,"FMLE",26.49732
"ESP",2015,"FMLE",26.68835
"ESP",2019,"FMLE",27.33771
"ESP",2000,"BTSX",22.69663
"ESP",2010,"BTSX",24.42024
"ESP",2015,"BTSX",24.70817
"ESP",2019,"BTSX",25.38906
"EST",2000,"MLE",15.39392
"EST",2010,"MLE",17.33868
"EST",2015,"MLE",18.61842
"EST",2019,"MLE",19.25809
"EST",2000,"FMLE",20.94478
"EST",2010,"FMLE",23.19502
"EST",2015,"FMLE",24.31583
"EST",2019,"FMLE",24.98523
"EST",2000,"BTSX",18.6073
"EST",2010,"BTSX",20.7504
"EST",2015,"BTSX",21.91946
"EST",2019,"BTSX",22.53013
"ETH",2000,"MLE",13.42284
"ETH",2010,"MLE",16.28993
"ETH",2015,"MLE",17.04046
"ETH",2019,"MLE",17.44324
"ETH",2000,"FMLE",14.91175
"ETH",2010,"FMLE",18.28858
"ETH",2015,"FMLE",19.09154
"ETH",2019,"FMLE",19.40257
"ETH",2000,"BTSX",14.14521
"ETH",2010,"BTSX",17.28395
"ETH",2015,"BTSX",18.07524
"ETH",2019,"BTSX",18.4487
"FIN",2000,"MLE",19.17303
"FIN",2010,"MLE",21.02889
"FIN",2015,"MLE",21.94675
"FIN",2019,"MLE",22.35576
"FIN",2000,"FMLE",23.55955
"FIN",2010,"FMLE",25.2847
"FIN",2015,"FMLE",25.68243
"FIN",2019,"FMLE",25.80908
"FIN",2000,"BTSX",21.59904
"FIN",2010,"BTSX",23.28721
"FIN",2015,"BTSX",23.91218
"FIN",2019,"BTSX",24.15978
"FJI",2000,"MLE",13.31153
"FJI",2010,"MLE",14.76748
"FJI",2015,"MLE",14.76324
"FJI",2019,"MLE",14.88122
"FJI",2000,"FMLE",16.25373
"FJI",2010,"FMLE",16.83753
"FJI",2015,"FMLE",17.22583
"FJI",2019,"FMLE",17.48544
"FJI",2000,"BTSX",14.70161
"FJI",2010,"BTSX",15.78006
"FJI",2015,"BTSX",15.98873
"FJI",2019,"BTSX",16.17678
"FRA",2000,"MLE",20.39186
"FRA",2010,"MLE",22.34975
"FRA",2015,"MLE",22.85283
"FRA",2019,"MLE",23.27017
"FRA",2000,"FMLE",25.28648
"FRA",2010,"FMLE",26.76762
"FRA",2015,"FMLE",26.93075
"FRA",2019,"FMLE",27.21364
"FRA",2000,"BTSX",23.00835
"FRA",2010,"BTSX",24.70755
"FRA",2015,"BTSX",25.00999
"FRA",2019,"BTSX",25.34413
"FSM",2000,"MLE",13.74858
"FSM",2010,"MLE",14.06214
"FSM",2015,"MLE",13.96259
"FSM",2019,"MLE",13.81512
"FSM",2000,"FMLE",15.4717
"FSM",2010,"FMLE",15.64645
"FSM",2015,"FMLE",15.60145
"FSM",2019,"FMLE",15.57699
"FSM",2000,"BTSX",14.6258
"FSM",2010,"BTSX",14.87293
"FSM",2015,"BTSX",14.78011
"FSM",2019,"BTSX",14.69783
"GAB",2000,"MLE",13.40602
"GAB",2010,"MLE",14.42783
"GAB",2015,"MLE",14.87411
"GAB",2019,"MLE",15.15166
"GAB",2000,"FMLE",16.95538
"GAB",2010,"FMLE",18.23144
"GAB",2015,"FMLE",18.98127
"GAB",2019,"FMLE",19.25307
"GAB",2000,"BTSX",15.23425
"GAB",2010,"BTSX",16.36185
"GAB",2015,"BTSX",16.91494
"GAB",2019,"BTSX",17.16747
"GBR",2000,"MLE",19.48533
"GBR",2010,"MLE",21.98775
"GBR",2015,"MLE",22.30888
"GBR",2019,"MLE",22.95967
"GBR",2000,"FMLE",22.90793
"GBR",2010,"FMLE",24.61658
"GBR",2015,"FMLE",24.64887
"GBR",2019,"FMLE",25.23362
"GBR",2000,"BTSX",21.30563
"GBR",2010,"BTSX",23.35768
"GBR",2015,"BTSX",23.51712
"GBR",2019,"BTSX",24.13215
"GEO",2000,"MLE",15.21082
"GEO",2010,"MLE",15.93195
"GEO",2015,"MLE",15.98012
"GEO",2019,"MLE",16.04998
"GEO",2000,"FMLE",18.4478
"GEO",2010,"FMLE",20.11222
"GEO",2015,"FMLE",20.45818
"GEO",2019,"FMLE",21.01847
"GEO",2000,"BTSX",16.99349
"GEO",2010,"BTSX",18.21995
"GEO",2015,"BTSX",18.42638
"GEO",2019,"BTSX",18.76264
"GHA",2000,"MLE",14.84272
"GHA",2010,"MLE",14.55392
"GHA",2015,"MLE",15.1166
"GHA",2019,"MLE",15.65692
"GHA",2000,"FMLE",17.25373
"GHA",2010,"FMLE",17.94059
"GHA",2015,"FMLE",18.55641
"GHA",2019,"FMLE",18.88577
"GHA",2000,"BTSX",16.04991
"GHA",2010,"BTSX",16.20934
"GHA",2015,"BTSX",16.79972
"GHA",2019,"BTSX",17.2493
"GIN",2000,"MLE",14.97354
"GIN",2010,"MLE",14.71517
"GIN",2015,"MLE",14.84741
"GIN",2019,"MLE",15.62309
"GIN",2000,"FMLE",16.25803
"GIN",2010,"FMLE",16.59406
"GIN",2015,"FMLE",16.62466
"GIN",2019,"FMLE",17.16461
"GIN",2000,"BTSX",15.68861
"GIN",2010,"BTSX",15.79181
"GIN",2015,"BTSX",15.88976
"GIN",2019,"BTSX",16.54319
"GMB",2000,"MLE",14.93694
"GMB",2010,"MLE",15.31343
"GMB",2015,"MLE",15.56828
"GMB",2019,"MLE",15.76532
"GMB",2000,"FMLE",17.65122
"GMB",2010,"FMLE",17.74082
"GMB",2015,"FMLE",17.88015
"GMB",2019,"FMLE",18.04276
"GMB",2000,"BTSX",16.21414
"GMB",2010,"BTSX",16.45064
"GMB",2015,"BTSX",16.66744
"GMB",2019,"BTSX",16.85495
"GNB",2000,"MLE",12.0754
"GNB",2010,"MLE",12.8711
"GNB",2015,"MLE",13.3631
"GNB",2019,"MLE",13.91712
"GNB",2000,"FMLE",15.37826
"GNB",2010,"FMLE",15.95992
"GNB",2015,"FMLE",16.31794
"GNB",2019,"FMLE",16.72234
"GNB",2000,"BTSX",13.82502
"GNB",2010,"BTSX",14.58692
"GNB",2015,"BTSX",15.02951
"GNB",2019,"BTSX",15.50089
"GNQ",2000,"MLE",13.99731
"GNQ",2010,"MLE",16.9542
"GNQ",2015,"MLE",16.79868
"GNQ",2019,"MLE",16.54481
"GNQ",2000,"FMLE",17.14214
"GNQ",2010,"FMLE",18.27827
"GNQ",2015,"FMLE",18.70536
"GNQ",2019,"FMLE",18.80956
"GNQ",2000,"BTSX",15.49089
"GNQ",2010,"BTSX",17.60762
"GNQ",2015,"BTSX",17.71576
"GNQ",2019,"BTSX",17.64006
"GRC",2000,"MLE",19.88561
"GRC",2010,"MLE",21.73166
"GRC",2015,"MLE",21.72049
"GRC",2019,"MLE",22.0668
"GRC",2000,"FMLE",23.08647
"GRC",2010,"FMLE",24.84667
"GRC",2015,"FMLE",25.11199
"GRC",2019,"FMLE",25.51813
"GRC",2000,"BTSX",21.54306
"GRC",2010,"BTSX",23.33244
"GRC",2015,"BTSX",23.45556
"GRC",2019,"BTSX",23.83807
"GRD",2000,"MLE",15.12106
"GRD",2010,"MLE",15.59488
"GRD",2015,"MLE",17.34478
"GRD",2019,"MLE",17.15669
"GRD",2000,"FMLE",20.99731
"GRD",2010,"FMLE",20.47646
"GRD",2015,"FMLE",20.39262
"GRD",2019,"FMLE",20.34186
"GRD",2000,"BTSX",17.86283
"GRD",2010,"BTSX",17.74086
"GRD",2015,"BTSX",18.85774
"GRD",2019,"BTSX",18.72923
"GTM",2000,"MLE",18.10077
"GTM",2010,"MLE",18.55423
"GTM",2015,"MLE",18.81231
"GTM",2019,"MLE",19.40481
"GTM",2000,"FMLE",20.11777
"GTM",2010,"FMLE",20.49061
"GTM",2015,"FMLE",20.80924
"GTM",2019,"FMLE",21.42733
"GTM",2000,"BTSX",19.11469
"GTM",2010,"BTSX",19.55191
"GTM",2015,"BTSX",19.85057
"GTM",2019,"BTSX",20.47426
"GUY",2000,"MLE",14.61477
"GUY",2010,"MLE",14.79582
"GUY",2015,"MLE",15.18634
"GUY",2019,"MLE",15.10154
"GUY",2000,"FMLE",17.28623
"GUY",2010,"FMLE",17.5573
"GUY",2015,"FMLE",18.03268
"GUY",2019,"FMLE",18.10368
"GUY",2000,"BTSX",15.93395
"GUY",2010,"BTSX",16.17145
"GUY",2015,"BTSX",16.61349
"GUY",2019,"BTSX",16.55256
"HND",2000,"MLE",19.62294
"HND",2010,"MLE",18.69094
"HND",2015,"MLE",17.03713
"HND",2019,"MLE",17.54318
"HND",2000,"FMLE",19.55533
"HND",2010,"FMLE",19.06976
"HND",2015,"FMLE",18.64766
"HND",2019,"FMLE",19.08148
"HND",2000,"BTSX",19.55458
"HND",2010,"BTSX",18.85815
"HND",2015,"BTSX",17.87262
"HND",2019,"BTSX",18.3489
"HRV",2000,"MLE",16.68758
"HRV",2010,"MLE",18.08657
"HRV",2015,"MLE",18.58987
"HRV",2019,"MLE",19.44159
"HRV",2000,"FMLE",20.91128
"HRV",2010,"FMLE",22.38735
"HRV",2015,"FMLE",23.15793
"HRV",2019,"FMLE",23.74861
"HRV",2000,"BTSX",19.02144
"HRV",2010,"BTSX",20.4222
"HRV",2015,"BTSX",21.04749
"HRV",2019,"BTSX",21.75607
"HTI",2000,"MLE",15.58817
"HTI",2010,"MLE",10.85599
"HTI",2015,"MLE",16.25056
"HTI",2019,"MLE",16.49553
"HTI",2000,"FMLE",15.91929
"HTI",2010,"FMLE",12.00903
"HTI",2015,"FMLE",16.6563
"HTI",2019,"FMLE",17.01185
"HTI",2000,"BTSX",15.76748
"HTI",2010,"BTSX",11.45893
"HTI",2015,"BTSX",16.47004
"HTI",2019,"BTSX",16.77294
"HUN",2000,"MLE",15.31347
"HUN",2010,"MLE",16.97544
"HUN",2015,"MLE",17.44253
"HUN",2019,"MLE",17.71746
"HUN",2000,"FMLE",20.11938
"HUN",2010,"FMLE",21.81021
"HUN",2015,"FMLE",21.85916
"HUN",2019,"FMLE",22.26551
"HUN",2000,"BTSX",17.96004
"HUN",2010,"BTSX",19.6718
"HUN",2015,"BTSX",19.90496
"HUN",2019,"BTSX",20.22187
"IDN",2000,"MLE",16.84391
"IDN",2010,"MLE",16.44334
"IDN",2015,"MLE",16.53777
"IDN",2019,"MLE",16.72514
"IDN",2000,"FMLE",18.18377
"IDN",2010,"FMLE",18.398
"IDN",2015,"FMLE",18.75166
"IDN",2019,"FMLE",19.13315
"IDN",2000,"BTSX",17.5615
"IDN",2010,"BTSX",17.45754
"IDN",2015,"BTSX",17.6684
"IDN",2019,"BTSX",17.94286
"IND",2000,"MLE",15.40729
"IND",2010,"MLE",16.90731
"IND",2015,"MLE",17.74288
"IND",2019,"MLE",18.11326
"IND",2000,"FMLE",16.83701
"IND",2010,"FMLE",19.02203
"IND",2015,"FMLE",19.25117
"IND",2019,"FMLE",19.54051
"IND",2000,"BTSX",16.11588
"IND",2010,"BTSX",17.95123
"IND",2015,"BTSX",18.49405
"IND",2019,"BTSX",18.8222
"IRL",2000,"MLE",18.34245
"IRL",2010,"MLE",21.67834
"IRL",2015,"MLE",22.31315
"IRL",2019,"MLE",23.01073
"IRL",2000,"FMLE",21.93208
"IRL",2010,"FMLE",24.56796
"IRL",2015,"FMLE",24.93987
"IRL",2019,"FMLE",25.3295
"IRL",2000,"BTSX",20.18785
"IRL",2010,"BTSX",23.18457
"IRL",2015,"BTSX",23.65937
"IRL",2019,"BTSX",24.19091
"IRN",2000,"MLE",18.97727
"IRN",2010,"MLE",20.59399
"IRN",2015,"MLE",20.90847
"IRN",2019,"MLE",21.17722
"IRN",2000,"FMLE",20.53746
"IRN",2010,"FMLE",22.2866
"IRN",2015,"FMLE",22.29658
"IRN",2019,"FMLE",22.47921
"IRN",2000,"BTSX",19.6998
"IRN",2010,"BTSX",21.40397
"IRN",2015,"BTSX",21.55991
"IRN",2019,"BTSX",21.81571
"IRQ",2000,"MLE",17.01357
"IRQ",2010,"MLE",17.54575
"IRQ",2015,"MLE",17.88577
"IRQ",2019,"MLE",17.61909
"IRQ",2000,"FMLE",19.5677
"IRQ",2010,"FMLE",20.02191
"IRQ",2015,"FMLE",20.49473
"IRQ",2019,"FMLE",20.65984
"IRQ",2000,"BTSX",18.30223
"IRQ",2010,"BTSX",18.81914
"IRQ",2015,"BTSX",19.23528
"IRQ",2019,"BTSX",19.18437
"ISL",2000,"MLE",21.18249
"ISL",2010,"MLE",22.73277
"ISL",2015,"MLE",23.45096
"ISL",2019,"MLE",23.70792
"ISL",2000,"FMLE",23.96668
"ISL",2010,"FMLE",25.01822
"ISL",2015,"FMLE",25.29009
"ISL",2019,"FMLE",25.53747
"ISL",2000,"BTSX",22.62352
"ISL",2010,"BTSX",23.91312
"ISL",2015,"BTSX",24.40782
"ISL",2019,"BTSX",24.63693
"ISR",2000,"MLE",20.56894
"ISR",2010,"MLE",22.80171
"ISR",2015,"MLE",22.87366
"ISR",2019,"MLE",23.62011
"ISR",2000,"FMLE",23.1285
"ISR",2010,"FMLE",25.30687
"ISR",2015,"FMLE",25.58589
"ISR",2019,"FMLE",26.03428
"ISR",2000,"BTSX",21.94996
"ISR",2010,"BTSX",24.15298
"ISR",2015,"BTSX",24.31451
"ISR",2019,"BTSX",24.89724
"ITA",2000,"MLE",20.28382
"ITA",2010,"MLE",22.35595
"ITA",2015,"MLE",22.74619
"ITA",2019,"MLE",23.35777
"ITA",2000,"FMLE",24.47219
"ITA",2010,"FMLE",26.09557
"ITA",2015,"FMLE",26.00781
"ITA",2019,"FMLE",26.52769
"ITA",2000,"BTSX",22.53851
"ITA",2010,"BTSX",24.36534
"ITA",2015,"BTSX",24.48475
"ITA",2019,"BTSX",25.03944
"JAM",2000,"MLE",19.71922
"JAM",2010,"MLE",19.6539
"JAM",2015,"MLE",19.86732
"JAM",2019,"MLE",20.07156
"JAM",2000,"FMLE",22.27983
"JAM",2010,"FMLE",23.78668
"JAM",2015,"FMLE",22.95153
"JAM",2019,"FMLE",22.63009
"JAM",2000,"BTSX",20.99153
"JAM",2010,"BTSX",21.6315
"JAM",2015,"BTSX",21.36091
"JAM",2019,"BTSX",21.32162
"JOR",2000,"MLE",19.54422
"JOR",2010,"MLE",20.52635
"JOR",2015,"MLE",21.51323
"JOR",2019,"MLE",21.56149
"JOR",2000,"FMLE",17.94638
"JOR",2010,"FMLE",21.44251
"JOR",2015,"FMLE",22.10253
"JOR",2019,"FMLE",22.07487
"JOR",2000,"BTSX",18.61334
"JOR",2010,"BTSX",20.98819
"JOR",2015,"BTSX",21.78687
"JOR",2019,"BTSX",21.80557
"JPN",2000,"MLE",21.3246
"JPN",2010,"MLE",22.56198
"JPN",2015,"MLE",23.37012
"JPN",2019,"MLE",23.94869
"JPN",2000,"FMLE",26.58672
"JPN",2010,"FMLE",27.68736
"JPN",2015,"FMLE",28.12194
"JPN",2019,"FMLE",28.55578
"JPN",2000,"BTSX",24.14569
"JPN",2010,"BTSX",25.26958
"JPN",2015,"BTSX",25.86486
"JPN",2019,"BTSX",26.34808
"KAZ",2000,"MLE",12.34197
"KAZ",2010,"MLE",14.58363
"KAZ",2015,"MLE",15.91357
"KAZ",2019,"MLE",16.84301
"KAZ",2000,"FMLE",17.75512
"KAZ",2010,"FMLE",19.19334
"KAZ",2015,"FMLE",20.62115
"KAZ",2019,"FMLE",21.4368
"KAZ",2000,"BTSX",15.31295
"KAZ",2010,"BTSX",17.15685
"KAZ",2015,"BTSX",18.5904
"KAZ",2019,"BTSX",19.46027
"KEN",2000,"MLE",14.52364
"KEN",2010,"MLE",14.87207
"KEN",2015,"MLE",15.58959
"KEN",2019,"MLE",15.98571
"KEN",2000,"FMLE",18.10426
"KEN",2010,"FMLE",18.48417
"KEN",2015,"FMLE",18.82303
"KEN",2019,"FMLE",19.08801
"KEN",2000,"BTSX",16.33276
"KEN",2010,"BTSX",16.78532
"KEN",2015,"BTSX",17.31884
"KEN",2019,"BTSX",17.64418
"KGZ",2000,"MLE",14.85952
"KGZ",2010,"MLE",15.52956
"KGZ",2015,"MLE",16.28174
"KGZ",2019,"MLE",17.78028
"KGZ",2000,"FMLE",18.26509
"KGZ",2010,"FMLE",19.30854
"KGZ",2015,"FMLE",20.24357
"KGZ",2019,"FMLE",21.66884
"KGZ",2000,"BTSX",16.72375
"KGZ",2010,"BTSX",17.56057
"KGZ",2015,"BTSX",18.41276
"KGZ",2019,"BTSX",20.00511
"KHM",2000,"MLE",14.41347
"KHM",2010,"MLE",15.51978
"KHM",2015,"MLE",15.83321
"KHM",2019,"MLE",15.93221
"KHM",2000,"FMLE",17.0701
"KHM",2010,"FMLE",18.61096
"KHM",2015,"FMLE",18.94457
"KHM",2019,"FMLE",19.10782
"KHM",2000,"BTSX",15.81077
"KHM",2010,"BTSX",17.21808
"KHM",2015,"BTSX",17.56814
"KHM",2019,"BTSX",17.73693
"KIR",2000,"MLE",11.27536
"KIR",2010,"MLE",12.03399
"KIR",2015,"MLE",12.29513
"KIR",2019,"MLE",12.50471
"KIR",2000,"FMLE",13.65246
"KIR",2010,"FMLE",14.15171
"KIR",2015,"FMLE",14.39102
"KIR",2019,"FMLE",14.63824
"KIR",2000,"BTSX",12.55722
"KIR",2010,"BTSX",13.18134
"KIR",2015,"BTSX",13.46772
"KIR",2019,"BTSX",13.69346
"KOR",2000,"MLE",18.14842
"KOR",2010,"MLE",21.0508
"KOR",2015,"MLE",22.28928
"KOR",2019,"MLE",23.37289
"KOR",2000,"FMLE",22.66009
"KOR",2010,"FMLE",25.88223
"KOR",2015,"FMLE",26.90952
"KOR",2019,"FMLE",27.8674
"KOR",2000,"BTSX",20.69324
"KOR",2010,"BTSX",23.71878
"KOR",2015,"BTSX",24.81965
"KOR",2019,"BTSX",25.79693
"KWT",2000,"MLE",21.23721
"KWT",2010,"MLE",22.67445
"KWT",2015,"MLE",23.15733
"KWT",2019,"MLE",22.81668
"KWT",2000,"FMLE",23.50409
"KWT",2010,"FMLE",23.98257
"KWT",2015,"FMLE",25.89733
"KWT",2019,"FMLE",25.8976
"KWT",2000,"BTSX",22.19426
"KWT",2010,"BTSX",23.21484
"KWT",2015,"BTSX",24.21311
"KWT",2019,"BTSX",23.96027
"LAO",2000,"MLE",14.03873
"LAO",2010,"MLE",15.48835
"LAO",2015,"MLE",16.19831
"LAO",2019,"MLE",16.34857
"LAO",2000,"FMLE",16.47594
"LAO",2010,"FMLE",18.13389
"LAO",2015,"FMLE",18.70745
"LAO",2019,"FMLE",18.88623
"LAO",2000,"BTSX",15.29676
"LAO",2010,"BTSX",16.87227
"LAO",2015,"BTSX",17.50435
"LAO",2019,"BTSX",17.64838
"LBN",2000,"MLE",18.8749
"LBN",2010,"MLE",18.27117
"LBN",2015,"MLE",18.2883
"LBN",2019,"MLE",18.76498
"LBN",2000,"FMLE",20.74391
"LBN",2010,"FMLE",21.70586
"LBN",2015,"FMLE",22.08918
"LBN",2019,"FMLE",22.39937
"LBN",2000,"BTSX",19.84059
"LBN",2010,"BTSX",19.90111
"LBN",2015,"BTSX",20.12858
"LBN",2019,"BTSX",20.52881
"LBR",2000,"MLE",15.32861
"LBR",2010,"MLE",16.34167
"LBR",2015,"MLE",16.79642
"LBR",2019,"MLE",17.43153
"LBR",2000,"FMLE",16.24643
"LBR",2010,"FMLE",17.03313
"LBR",2015,"FMLE",17.2783
"LBR",2019,"FMLE",18.01664
"LBR",2000,"BTSX",15.79441
"LBR",2010,"BTSX",16.71073
"LBR",2015,"BTSX",17.059
"LBR",2019,"BTSX",17.74909
"LBY",2000,"MLE",20.01393
"LBY",2010,"MLE",20.98413
"LBY",2015,"MLE",20.69587
"LBY",2019,"MLE",20.5486
"LBY",2000,"FMLE",22.00329
"LBY",2010,"FMLE",22.01274
"LBY",2015,"FMLE",21.91488
"LBY",2019,"FMLE",21.88967
"LBY",2000,"BTSX",20.98638
"LBY",2010,"BTSX",21.52477
"LBY",2015,"BTSX",21.34019
"LBY",2019,"BTSX",21.2646
"LCA",2000,"MLE",18.49771
"LCA",2010,"MLE",19.92318
"LCA",2015,"MLE",19.80469
"LCA",2019,"MLE",19.16143
"LCA",2000,"FMLE",21.66045
"LCA",2010,"FMLE",24.29352
"LCA",2015,"FMLE",23.77582
"LCA",2019,"FMLE",22.9088
"LCA",2000,"BTSX",20.03307
"LCA",2010,"BTSX",22.02484
"LCA",2015,"BTSX",21.69136
"LCA",2019,"BTSX",20.91438
"LKA",2000,"MLE",18.05703
"LKA",2010,"MLE",18.06936
"LKA",2015,"MLE",18.64627
"LKA",2019,"MLE",18.6433
"LKA",2000,"FMLE",21.21935
"LKA",2010,"FMLE",21.8166
"LKA",2015,"FMLE",22.56384
"LKA",2019,"FMLE",22.62945
"LKA",2000,"BTSX",19.62037
"LKA",2010,"BTSX",20.02561
"LKA",2015,"BTSX",20.71452
"LKA",2019,"BTSX",20.75777
"LSO",2000,"MLE",10.99413
"LSO",2010,"MLE",10.57073
"LSO",2015,"MLE",10.67378
"LSO",2019,"MLE",11.21521
"LSO",2000,"FMLE",16.65461
"LSO",2010,"FMLE",14.70431
"LSO",2015,"FMLE",14.4158
"LSO",2019,"FMLE",15.24077
"LSO",2000,"BTSX",13.94744
"LSO",2010,"BTSX",12.77326
"LSO",2015,"BTSX",12.70422
"LSO",2019,"BTSX",13.42881
"LTU",2000,"MLE",16.44917
"LTU",2010,"MLE",16.3715
"LTU",2015,"MLE",16.88623
"LTU",2019,"MLE",17.58451
"LTU",2000,"FMLE",21.66015
"LTU",2010,"FMLE",22.48685
"LTU",2015,"FMLE",22.94586
"LTU",2019,"FMLE",23.46437
"LTU",2000,"BTSX",19.46374
"LTU",2010,"BTSX",19.86899
"LTU",2015,"BTSX",20.32473
"LTU",2019,"BTSX",20.92947
"LUX",2000,"MLE",19.38195
"LUX",2010,"MLE",21.64377
"LUX",2015,"MLE",22.81427
"LUX",2019,"MLE",22.91068
"LUX",2000,"FMLE",23.7222
"LUX",2010,"FMLE",25.1484
"LUX",2015,"FMLE",25.90703
"LUX",2019,"FMLE",25.80766
"LUX",2000,"BTSX",21.77266
"LUX",2010,"BTSX",23.53922
"LUX",2015,"BTSX",24.44272
"LUX",2019,"BTSX",24.39803
"LVA",2000,"MLE",15.06371
"LVA",2010,"MLE",15.8232
"LVA",2015,"MLE",17.14222
"LVA",2019,"MLE",17.24725
"LVA",2000,"FMLE",20.63593
"LVA",2010,"FMLE",21.70487
"LVA",2015,"FMLE",22.65114
"LVA",2019,"FMLE",22.95242
"LVA",2000,"BTSX",18.33053
"LVA",2010,"BTSX",19.24125
"LVA",2015,"BTSX",20.35271
"LVA",2019,"BTSX",20.52951
"MAR",2000,"MLE",17.79214
"MAR",2010,"MLE",18.85056
"MAR",2015,"MLE",17.86806
"MAR",2019,"MLE",17.73851
"MAR",2000,"FMLE",18.94506
"MAR",2010,"FMLE",18.75912
"MAR",2015,"FMLE",19.18395
"MAR",2019,"FMLE",19.58587
"MAR",2000,"BTSX",18.41215
"MAR",2010,"BTSX",18.71816
"MAR",2015,"BTSX",18.54361
"MAR",2019,"BTSX",18.67064
"MDA",2000,"MLE",13.99932
"MDA",2010,"MLE",14.50671
"MDA",2015,"MLE",15.58431
"MDA",2019,"MLE",16.62599
"MDA",2000,"FMLE",17.15537
"MDA",2010,"FMLE",18.1834
"MDA",2015,"FMLE",19.53036
"MDA",2019,"FMLE",20.91747
"MDA",2000,"BTSX",15.76725
"MDA",2010,"BTSX",16.52721
"MDA",2015,"BTSX",17.75986
"MDA",2019,"BTSX",19.02059
"MDG",2000,"MLE",14.60097
"MDG",2010,"MLE",15.32572
"MDG",2015,"MLE",15.80019
"MDG",2019,"MLE",16.14579
"MDG",2000,"FMLE",16.21755
"MDG",2010,"FMLE",16.88522
"MDG",2015,"FMLE",17.15616
"MDG",2019,"FMLE",17.3255
"MDG",2000,"BTSX",15.38046
"MDG",2010,"BTSX",16.12037
"MDG",2015,"BTSX",16.50196
"MDG",2019,"BTSX",16.76096
"MDV",2000,"MLE",18.07011
"MDV",2010,"MLE",19.69851
"MDV",2015,"MLE",20.80705
"MDV",2019,"MLE",21.38714
"MDV",2000,"FMLE",17.79935
"MDV",2010,"FMLE",21.03553
"MDV",2015,"FMLE",21.94912
"MDV",2019,"FMLE",23.05277
"MDV",2000,"BTSX",17.95007
"MDV",2010,"BTSX",20.29833
"MDV",2015,"BTSX",21.34107
"MDV",2019,"BTSX",22.14548
"MEX",2000,"MLE",20.28413
"MEX",2010,"MLE",20.26371
"MEX",2015,"MLE",20.42094
"MEX",2019,"MLE",20.49691
"MEX",2000,"FMLE",22.73403
"MEX",2010,"FMLE",22.67259
"MEX",2015,"FMLE",22.93407
"MEX",2019,"FMLE",23.06463
"MEX",2000,"BTSX",21.57187
"MEX",2010,"BTSX",21.518
"MEX",2015,"BTSX",21.72903
"MEX",2019,"BTSX",21.8363
"MKD",2000,"MLE",15.17092
"MKD",2010,"MLE",16.11002
"MKD",2015,"MLE",16.56571
"MKD",2019,"MLE",16.97023
"MKD",2000,"FMLE",17.66599
"MKD",2010,"FMLE",18.74659
"MKD",2015,"FMLE",19.18453
"MKD",2019,"FMLE",19.63952
"MKD",2000,"BTSX",16.44249
"MKD",2010,"BTSX",17.45965
"MKD",2015,"BTSX",17.90269
"MKD",2019,"BTSX",18.32638
"MLI",2000,"MLE",16.19271
"MLI",2010,"MLE",16.66155
"MLI",2015,"MLE",16.92873
"MLI",2019,"MLE",17.34824
"MLI",2000,"FMLE",15.86896
"MLI",2010,"FMLE",16.99226
"MLI",2015,"FMLE",17.20251
"MLI",2019,"FMLE",17.55724
"MLI",2000,"BTSX",16.01688
"MLI",2010,"BTSX",16.84287
"MLI",2015,"BTSX",17.07956
"MLI",2019,"BTSX",17.46292
"MLT",2000,"MLE",19.02831
"MLT",2010,"MLE",21.46465
"MLT",2015,"MLE",22.69789
"MLT",2019,"MLE",22.98686
"MLT",2000,"FMLE",22.37881
"MLT",2010,"FMLE",24.71247
"MLT",2015,"FMLE",25.57734
"MLT",2019,"FMLE",25.85562
"MLT",2000,"BTSX",20.81145
"MLT",2010,"BTSX",23.20163
"MLT",2015,"BTSX",24.22947
"MLT",2019,"BTSX",24.48678
"MMR",2000,"MLE",13.80628
"MMR",2010,"MLE",15.09562
"MMR",2015,"MLE",15.78358
"MMR",2019,"MLE",16.17427
"MMR",2000,"FMLE",16.86963
"MMR",2010,"FMLE",18.60733
"MMR",2015,"FMLE",19.27287
"MMR",2019,"FMLE",19.62203
"MMR",2000,"BTSX",15.43322
"MMR",2010,"BTSX",16.97136
"MMR",2015,"BTSX",17.68015
"MMR",2019,"BTSX",18.06278
"MNE",2000,"MLE",17.65465
"MNE",2010,"MLE",17.46894
"MNE",2015,"MLE",17.24969
"MNE",2019,"MLE",17.44189
"MNE",2000,"FMLE",20.6147
"MNE",2010,"FMLE",20.30449
"MNE",2015,"FMLE",20.59289
"MNE",2019,"FMLE",21.32127
"MNE",2000,"BTSX",19.21077
"MNE",2010,"BTSX",18.96911
"MNE",2015,"BTSX",18.99031
"MNE",2019,"BTSX",19.4408
"MNG",2000,"MLE",12.00143
"MNG",2010,"MLE",13.26715
"MNG",2015,"MLE",14.5018
"MNG",2019,"MLE",14.15918
"MNG",2000,"FMLE",14.91437
"MNG",2010,"FMLE",16.86036
"MNG",2015,"FMLE",18.35408
"MNG",2019,"FMLE",18.50782
"MNG",2000,"BTSX",13.41728
"MNG",2010,"BTSX",15.08863
"MNG",2015,"BTSX",16.50473
"MNG",2019,"BTSX",16.41036
"MOZ",2000,"MLE",13.12726
"MOZ",2010,"MLE",12.49212
"MOZ",2015,"MLE",12.71348
"MOZ",2019,"MLE",13.34441
"MOZ",2000,"FMLE",17.24149
"MOZ",2010,"FMLE",17.43686
"MOZ",2015,"FMLE",17.4831
"MOZ",2019,"FMLE",17.82921
"MOZ",2000,"BTSX",15.23377
"MOZ",2010,"BTSX",15.10221
"MOZ",2015,"BTSX",15.29182
"MOZ",2019,"BTSX",15.80004
"MRT",2000,"MLE",17.2197
"MRT",2010,"MLE",18.74285
"MRT",2015,"MLE",19.04039
"MRT",2019,"MLE",19.12101
"MRT",2000,"FMLE",17.04332
"MRT",2010,"FMLE",18.31293
"MRT",2015,"FMLE",18.70479
"MRT",2019,"FMLE",18.87452
"MRT",2000,"BTSX",17.11985
"MRT",2010,"BTSX",18.49113
"MRT",2015,"BTSX",18.84362
"MRT",2019,"BTSX",18.97663
"MUS",2000,"MLE",15.76865
"MUS",2010,"MLE",17.36346
"MUS",2015,"MLE",18.24012
"MUS",2019,"MLE",18.45435
"MUS",2000,"FMLE",19.74809
"MUS",2010,"FMLE",21.22456
"MUS",2015,"FMLE",21.90128
"MUS",2019,"FMLE",21.97232
"MUS",2000,"BTSX",17.83179
"MUS",2010,"BTSX",19.38777
"MUS",2015,"BTSX",20.16107
"MUS",2019,"BTSX",20.29068
"MWI",2000,"MLE",12.2314
"MWI",2010,"MLE",13.74994
"MWI",2015,"MLE",14.63438
"MWI",2019,"MLE",15.13341
"MWI",2000,"FMLE",15.75713
"MWI",2010,"FMLE",18.03188
"MWI",2015,"FMLE",18.80828
"MWI",2019,"FMLE",19.02712
"MWI",2000,"BTSX",13.96225
"MWI",2010,"BTSX",16.0136
"MWI",2015,"BTSX",16.86645
"MWI",2019,"BTSX",17.23641
"MYS",2000,"MLE",17.02931
"MYS",2010,"MLE",18.33923
"MYS",2015,"MLE",19.09598
"MYS",2019,"MLE",18.48925
"MYS",2000,"FMLE",19.20952
"MYS",2010,"FMLE",20.06417
"MYS",2015,"FMLE",20.74369
"MYS",2019,"FMLE",20.56143
"MYS",2000,"BTSX",18.08637
"MYS",2010,"BTSX",19.17606
"MYS",2015,"BTSX",19.89431
"MYS",2019,"BTSX",19.50295
"NAM",2000,"MLE",12.71326
"NAM",2010,"MLE",13.89039
"NAM",2015,"MLE",14.46378
"NAM",2019,"MLE",14.67666
"NAM",2000,"FMLE",16.27435
"NAM",2010,"FMLE",18.75868
"NAM",2015,"FMLE",19.06169
"NAM",2019,"FMLE",19.25146
"NAM",2000,"BTSX",14.63988
"NAM",2010,"BTSX",16.44555
"NAM",2015,"BTSX",16.99457
"NAM",2019,"BTSX",17.2382
"NER",2000,"MLE",15.33209
"NER",2010,"MLE",15.90801
"NER",2015,"MLE",16.16279
"NER",2019,"MLE",16.59345
"NER",2000,"FMLE",16.18683
"NER",2010,"FMLE",17.24201
"NER",2015,"FMLE",17.48456
"NER",2019,"FMLE",17.78963
"NER",2000,"BTSX",15.78612
"NER",2010,"BTSX",16.59071
"NER",2015,"BTSX",16.82166
"NER",2019,"BTSX",17.18749
"NGA",2000,"MLE",15.38723
"NGA",2010,"MLE",16.51437
"NGA",2015,"MLE",17.08808
"NGA",2019,"MLE",17.5918
"NGA",2000,"FMLE",16.96468
"NGA",2010,"FMLE",18.03218
"NGA",2015,"FMLE",18.5025
"NGA",2019,"FMLE",18.85963
"NGA",2000,"BTSX",16.19341
"NGA",2010,"BTSX",17.28049
"NGA",2015,"BTSX",17.80558
"NGA",2019,"BTSX",18.23818
"NIC",2000,"MLE",18.63389
"NIC",2010,"MLE",18.02588
"NIC",2015,"MLE",18.17805
"NIC",2019,"MLE",18.03592
"NIC",2000,"FMLE",21.32902
"NIC",2010,"FMLE",21.09752
"NIC",2015,"FMLE",21.48466
"NIC",2019,"FMLE",21.8726
"NIC",2000,"BTSX",20.05677
"NIC",2010,"BTSX",19.62398
"NIC",2015,"BTSX",19.90999
"NIC",2019,"BTSX",20.03486
"NLD",2000,"MLE",19.14689
"NLD",2010,"MLE",21.59259
"NLD",2015,"MLE",22.27388
"NLD",2019,"MLE",22.96139
"NLD",2000,"FMLE",23.23373
"NLD",2010,"FMLE",24.80365
"NLD",2015,"FMLE",24.86541
"NLD",2019,"FMLE",25.13338
"NLD",2000,"BTSX",21.3243
"NLD",2010,"BTSX",23.28759
"NLD",2015,"BTSX",23.62889
"NLD",2019,"BTSX",24.08484
"NOR",2000,"MLE",19.98206
"NOR",2010,"MLE",21.89223
"NOR",2015,"MLE",22.84083
"NOR",2019,"MLE",23.46723
"NOR",2000,"FMLE",23.73948
"NOR",2010,"FMLE",24.96066
"NOR",2015,"FMLE",25.44157
"NOR",2019,"FMLE",25.76064
"NOR",2000,"BTSX",21.9657
"NOR",2010,"BTSX",23.50347
"NOR",2015,"BTSX",24.19724
"NOR",2019,"BTSX",24.65666
"NPL",2000,"MLE",16.68052
"NPL",2010,"MLE",17.19247
"NPL",2015,"MLE",16.72619
"NPL",2019,"MLE",16.79704
"NPL",2000,"FMLE",18.34959
"NPL",2010,"FMLE",19.03316
"NPL",2015,"FMLE",18.93315
"NPL",2019,"FMLE",19.15102
"NPL",2000,"BTSX",17.59476
"NPL",2010,"BTSX",18.09773
"NPL",2015,"BTSX",17.83373
"NPL",2019,"BTSX",18.005
"NZL",2000,"MLE",20.46003
"NZL",2010,"MLE",22.95856
"NZL",2015,"MLE",23.16324
"NZL",2019,"MLE",23.75288
"NZL",2000,"FMLE",24.12278
"NZL",2010,"FMLE",25.35453
"NZL",2015,"FMLE",25.32887
"NZL",2019,"FMLE",25.83504
"NZL",2000,"BTSX",22.37912
"NZL",2010,"BTSX",24.20002
"NZL",2015,"BTSX",24.27835
"NZL",2019,"BTSX",24.82566
"OMN",2000,"MLE",14.74835
"OMN",2010,"MLE",15.16747
"OMN",2015,"MLE",15.95429
"OMN",2019,"MLE",17.2341
"OMN",2000,"FMLE",16.596
"OMN",2010,"FMLE",16.78086
"OMN",2015,"FMLE",17.51601
"OMN",2019,"FMLE",18.48278
"OMN",2000,"BTSX",15.64763
"OMN",2010,"BTSX",15.88208
"OMN",2015,"BTSX",16.68055
"OMN",2019,"BTSX",17.79719
"PAK",2000,"MLE",15.17977
"PAK",2010,"MLE",15.8146
"PAK",2015,"MLE",16.29117
"PAK",2019,"MLE",16.79703
"PAK",2000,"FMLE",16.38402
"PAK",2010,"FMLE",17.07065
"PAK",2015,"FMLE",17.43044
"PAK",2019,"FMLE",17.75769
"PAK",2000,"BTSX",15.7187
"PAK",2010,"BTSX",16.39645
"PAK",2015,"BTSX",16.82773
"PAK",2019,"BTSX",17.25606
"PAN",2000,"MLE",21.81001
"PAN",2010,"MLE",21.74114
"PAN",2015,"MLE",22.56834
"PAN",2019,"MLE",22.55319
"PAN",2000,"FMLE",24.91507
"PAN",2010,"FMLE",24.95615
"PAN",2015,"FMLE",25.42351
"PAN",2019,"FMLE",25.95336
"PAN",2000,"BTSX",23.32492
"PAN",2010,"BTSX",23.32906
"PAN",2015,"BTSX",24.00556
"PAN",2019,"BTSX",24.25711
"PER",2000,"MLE",21.64188
"PER",2010,"MLE",22.23149
"PER",2015,"MLE",23.26995
"PER",2019,"MLE",23.66059
"PER",2000,"FMLE",22.88438
"PER",2010,"FMLE",23.76556
"PER",2015,"FMLE",24.70852
"PER",2019,"FMLE",25.05262
"PER",2000,"BTSX",22.30708
"PER",2010,"BTSX",23.04229
"PER",2015,"BTSX",24.0267
"PER",2019,"BTSX",24.38164
"PHL",2000,"MLE",15.52529
"PHL",2010,"MLE",15.99364
"PHL",2015,"MLE",15.8282
"PHL",2019,"MLE",15.8447
"PHL",2000,"FMLE",19.6543
"PHL",2010,"FMLE",19.94857
"PHL",2015,"FMLE",19.74327
"PHL",2019,"FMLE",19.57197
"PHL",2000,"BTSX",17.64393
"PHL",2010,"BTSX",18.03434
"PHL",2015,"BTSX",17.84216
"PHL",2019,"BTSX",17.77251
"PNG",2000,"MLE",14.99204
"PNG",2010,"MLE",14.86475
"PNG",2015,"MLE",15.16859
"PNG",2019,"MLE",15.3705
"PNG",2000,"FMLE",17.63087
"PNG",2010,"FMLE",17.23931
"PNG",2015,"FMLE",17.45631
"PNG",2019,"FMLE",17.58628
"PNG",2000,"BTSX",16.35228
"PNG",2010,"BTSX",16.09409
"PNG",2015,"BTSX",16.32515
"PNG",2019,"BTSX",16.47675
"POL",2000,"MLE",16.53066
"POL",2010,"MLE",18.24483
"POL",2015,"MLE",18.83433
"POL",2019,"MLE",19.52226
"POL",2000,"FMLE",21.38721
"POL",2010,"FMLE",23.26089
"POL",2015,"FMLE",23.73393
"POL",2019,"FMLE",24.32663
"POL",2000,"BTSX",19.20216
"POL",2010,"BTSX",20.9949
"POL",2015,"BTSX",21.50246
"POL",2019,"BTSX",22.12776
"PRK",2000,"MLE",13.53208
"PRK",2010,"MLE",15.80177
"PRK",2015,"MLE",16.30597
"PRK",2019,"MLE",16.79743
"PRK",2000,"FMLE",16.77278
"PRK",2010,"FMLE",19.46866
"PRK",2015,"FMLE",20.22991
"PRK",2019,"FMLE",20.768
"PRK",2000,"BTSX",15.52194
"PRK",2010,"BTSX",17.99029
"PRK",2015,"BTSX",18.60959
"PRK",2019,"BTSX",19.10475
"PRT",2000,"MLE",19.07493
"PRT",2010,"MLE",20.94378
"PRT",2015,"MLE",21.68231
"PRT",2019,"MLE",22.1193
"PRT",2000,"FMLE",23.111
"PRT",2010,"FMLE",25.00499
"PRT",2015,"FMLE",25.63434
"PRT",2019,"FMLE",26.28987
"PRT",2000,"BTSX",21.21394
"PRT",2010,"BTSX",23.10403
"PRT",2015,"BTSX",23.7952
"PRT",2019,"BTSX",24.34322
"PRY",2000,"MLE",20.72366
"PRY",2010,"MLE",20.16601
"PRY",2015,"MLE",20.24851
"PRY",2019,"MLE",20.15399
"PRY",2000,"FMLE",23.27126
"PRY",2010,"FMLE",23.00212
"PRY",2015,"FMLE",23.45873
"PRY",2019,"FMLE",23.50193
"PRY",2000,"BTSX",22.01583
"PRY",2010,"BTSX",21.57119
"PRY",2015,"BTSX",21.8132
"PRY",2019,"BTSX",21.77718
"QAT",2000,"MLE",16.43744
"QAT",2010,"MLE",18.6523
"QAT",2015,"MLE",20.056
"QAT",2019,"MLE",20.63759
"QAT",2000,"FMLE",15.23353
"QAT",2010,"FMLE",16.11908
"QAT",2015,"FMLE",17.8635
"QAT",2019,"FMLE",18.37772
"QAT",2000,"BTSX",15.93168
"QAT",2010,"BTSX",17.26068
"QAT",2015,"BTSX",18.99137
"QAT",2019,"BTSX",19.50314
"ROU",2000,"MLE",16.41252
"ROU",2010,"MLE",17.07224
"ROU",2015,"MLE",17.57125
"ROU",2019,"MLE",17.81285
"ROU",2000,"FMLE",19.72962
"ROU",2010,"FMLE",21.10822
"ROU",2015,"FMLE",21.8733
"ROU",2019,"FMLE",22.39387
"ROU",2000,"BTSX",18.19053
"ROU",2010,"BTSX",19.23302
"ROU",2015,"BTSX",19.87192
"ROU",2019,"BTSX",20.25119
"RUS",2000,"MLE",13.28968
"RUS",2010,"MLE",14.53317
"RUS",2015,"MLE",15.91612
"RUS",2019,"MLE",16.79601
"RUS",2000,"FMLE",18.7033
"RUS",2010,"FMLE",20.1542
"RUS",2015,"FMLE",21.39447
"RUS",2019,"FMLE",22.18986
"RUS",2000,"BTSX",16.37656
"RUS",2010,"BTSX",17.76194
"RUS",2015,"BTSX",19.11096
"RUS",2019,"BTSX",19.93264
"RWA",2000,"MLE",11.82001
"RWA",2010,"MLE",15.87019
"RWA",2015,"MLE",16.4658
"RWA",2019,"MLE",16.64739
"RWA",2000,"FMLE",14.95621
"RWA",2010,"FMLE",18.64599
"RWA",2015,"FMLE",19.05069
"RWA",2019,"FMLE",19.16222
"RWA",2000,"BTSX",13.36861
"RWA",2010,"BTSX",17.36535
"RWA",2015,"BTSX",17.87963
"RWA",2019,"BTSX",18.01651
"SAU",2000,"MLE",16.89775
"SAU",2010,"MLE",17.43764
"SAU",2015,"MLE",18.43465
"SAU",2019,"MLE",19.25123
"SAU",2000,"FMLE",18.18445
"SAU",2010,"FMLE",19.3329
"SAU",2015,"FMLE",20.2559
"SAU",2019,"FMLE",20.77164
"SAU",2000,"BTSX",17.50418
"SAU",2010,"BTSX",18.29522
"SAU",2015,"BTSX",19.22384
"SAU",2019,"BTSX",19.90048
"SDN",2000,"MLE",16.19479
"SDN",2010,"MLE",17.31468
"SDN",2015,"MLE",17.68554
"SDN",2019,"MLE",17.82932
"SDN",2000,"FMLE",18.3287
"SDN",2010,"FMLE",19.06515
"SDN",2015,"FMLE",19.31577
"SDN",2019,"FMLE",19.41363
"SDN",2000,"BTSX",17.26901
"SDN",2010,"BTSX",18.20837
"SDN",2015,"BTSX",18.52115
"SDN",2019,"BTSX",18.64272
"SEN",2000,"MLE",15.50296
"SEN",2010,"MLE",16.51197
"SEN",2015,"MLE",16.83171
"SEN",2019,"MLE",17.17935
"SEN",2000,"FMLE",17.64775
"SEN",2010,"FMLE",18.48741
"SEN",2015,"FMLE",18.68102
"SEN",2019,"FMLE",18.9193
"SEN",2000,"BTSX",16.6091
"SEN",2010,"BTSX",17.56925
"SEN",2015,"BTSX",17.84561
"SEN",2019,"BTSX",18.14969
"SGP",2000,"MLE",19.7471
"SGP",2010,"MLE",22.17416
"SGP",2015,"MLE",23.3105
"SGP",2019,"MLE",23.77733
"SGP",2000,"FMLE",23.06065
"SGP",2010,"FMLE",25.82833
"SGP",2015,"FMLE",26.67258
"SGP",2019,"FMLE",27.21556
"SGP",2000,"BTSX",21.45779
"SGP",2010,"BTSX",24.09584
"SGP",2015,"BTSX",25.06044
"SGP",2019,"BTSX",25.53751
"SLB",2000,"MLE",13.66985
"SLB",2010,"MLE",14.13107
"SLB",2015,"MLE",14.51422
"SLB",2019,"MLE",14.71196
"SLB",2000,"FMLE",15.27393
"SLB",2010,"FMLE",15.71826
"SLB",2015,"FMLE",16.0861
"SLB",2019,"FMLE",16.27722
"SLB",2000,"BTSX",14.41515
"SLB",2010,"BTSX",14.87525
"SLB",2015,"BTSX",15.27202
"SLB",2019,"BTSX",15.47393
"SLE",2000,"MLE",14.33983
"SLE",2010,"MLE",14.95701
"SLE",2015,"MLE",15.78148
"SLE",2019,"MLE",16.43238
"SLE",2000,"FMLE",16.30415
"SLE",2010,"FMLE",16.33974
"SLE",2015,"FMLE",16.83131
"SLE",2019,"FMLE",17.4352
"SLE",2000,"BTSX",15.36527
"SLE",2010,"BTSX",15.70053
"SLE",2015,"BTSX",16.35912
"SLE",2019,"BTSX",16.98831
"SLV",2000,"MLE",20.1805
"SLV",2010,"MLE",21.03903
"SLV",2015,"MLE",20.42691
"SLV",2019,"MLE",20.42207
"SLV",2000,"FMLE",22.58012
"SLV",2010,"FMLE",22.96034
"SLV",2015,"FMLE",22.85039
"SLV",2019,"FMLE",23.56601
"SLV",2000,"BTSX",21.43798
"SLV",2010,"BTSX",22.082
"SLV",2015,"BTSX",21.75517
"SLV",2019,"BTSX",22.11801
"SOM",2000,"MLE",11.56161
"SOM",2010,"MLE",12.20132
"SOM",2015,"MLE",12.82918
"SOM",2019,"MLE",13.22384
"SOM",2000,"FMLE",14.73725
"SOM",2010,"FMLE",15.41723
"SOM",2015,"FMLE",15.81639
"SOM",2019,"FMLE",16.01247
"SOM",2000,"BTSX",13.06656
"SOM",2010,"BTSX",13.69179
"SOM",2015,"BTSX",14.22544
"SOM",2019,"BTSX",14.53767
"SRB",2000,"MLE",15.65869
"SRB",2010,"MLE",17.11615
"SRB",2015,"MLE",17.58596
"SRB",2019,"MLE",17.92823
"SRB",2000,"FMLE",18.41346
"SRB",2010,"FMLE",20.03242
"SRB",2015,"FMLE",20.74827
"SRB",2019,"FMLE",21.09773
"SRB",2000,"BTSX",17.11473
"SRB",2010,"BTSX",18.63146
"SRB",2015,"BTSX",19.22529
"SRB",2019,"BTSX",19.57878
"SSD",2000,"MLE",14.95292
"SSD",2010,"MLE",15.87371
"SSD",2015,"MLE",16.18656
"SSD",2019,"MLE",16.6105
"SSD",2000,"FMLE",17.65395
"SSD",2010,"FMLE",18.47768
"SSD",2015,"FMLE",18.68173
"SSD",2019,"FMLE",18.93336
"SSD",2000,"BTSX",16.30018
"SSD",2010,"BTSX",17.17443
"SSD",2015,"BTSX",17.44108
"SSD",2019,"BTSX",17.78704
"STP",2000,"MLE",16.59905
"STP",2010,"MLE",16.74019
"STP",2015,"MLE",16.65367
"STP",2019,"MLE",16.71759
"STP",2000,"FMLE",17.4568
"STP",2010,"FMLE",18.10226
"STP",2015,"FMLE",18.38036
"STP",2019,"FMLE",18.63359
"STP",2000,"BTSX",17.06507
"STP",2010,"BTSX",17.47548
"STP",2015,"BTSX",17.57341
"STP",2019,"BTSX",17.73318
"SUR",2000,"MLE",17.39032
"SUR",2010,"MLE",18.04799
"SUR",2015,"MLE",17.7613
"SUR",2019,"MLE",16.3692
"SUR",2000,"FMLE",20.48879
"SUR",2010,"FMLE",21.54551
"SUR",2015,"FMLE",21.7622
"SUR",2019,"FMLE",20.45307
"SUR",2000,"BTSX",18.93201
"SUR",2010,"BTSX",19.86633
"SUR",2015,"BTSX",19.84259
"SUR",2019,"BTSX",18.46066
"SVK",2000,"MLE",15.91899
"SVK",2010,"MLE",17.19696
"SVK",2015,"MLE",18.41042
"SVK",2019,"MLE",19.26573
"SVK",2000,"FMLE",20.66019
"SVK",2010,"FMLE",21.92386
"SVK",2015,"FMLE",23.03719
"SVK",2019,"FMLE",23.92891
"SVK",2000,"BTSX",18.51496
"SVK",2010,"BTSX",19.79856
"SVK",2015,"BTSX",20.95192
"SVK",2019,"BTSX",21.813
"SVN",2000,"MLE",17.66734
"SVN",2010,"MLE",20.2938
"SVN",2015,"MLE",21.1059
"SVN",2019,"MLE",21.83624
"SVN",2000,"FMLE",22.66622
"SVN",2010,"FMLE",24.83074
"SVN",2015,"FMLE",25.18733
"SVN",2019,"FMLE",25.64095
"SVN",2000,"BTSX",20.47294
"SVN",2010,"BTSX",22.76906
"SVN",2015,"BTSX",23.27789
"SVN",2019,"BTSX",23.81517
"SWE",2000,"MLE",20.58652
"SWE",2010,"MLE",22.20129
"SWE",2015,"MLE",22.70149
"SWE",2019,"MLE",23.34136
"SWE",2000,"FMLE",24.07259
"SWE",2010,"FMLE",25.00194
"SWE",2015,"FMLE",25.25194
"SWE",2019,"FMLE",25.59384
"SWE",2000,"BTSX",22.41874
"SWE",2010,"BTSX",23.66317
"SWE",2015,"BTSX",24.02204
"SWE",2019,"BTSX",24.5028
"SWZ",2000,"MLE",11.1836
"SWZ",2010,"MLE",10.81825
"SWZ",2015,"MLE",11.92608
"SWZ",2019,"MLE",12.41015
"SWZ",2000,"FMLE",15.89008
"SWZ",2010,"FMLE",15.66492
"SWZ",2015,"FMLE",17.09995
"SWZ",2019,"FMLE",17.70819
"SWZ",2000,"BTSX",13.57637
"SWZ",2010,"BTSX",13.34603
"SWZ",2015,"BTSX",14.64736
"SWZ",2019,"BTSX",15.10315
"SYC",2000,"MLE",16.57124
"SYC",2010,"MLE",17.10101
"SYC",2015,"MLE",17.59358
"SYC",2019,"MLE",17.47302
"SYC",2000,"FMLE",21.05148
"SYC",2010,"FMLE",21.43668
"SYC",2015,"FMLE",21.40291
"SYC",2019,"FMLE",21.50758
"SYC",2000,"BTSX",18.97378
"SYC",2010,"BTSX",19.33011
"SYC",2015,"BTSX",19.52972
"SYC",2019,"BTSX",19.49893
"SYR",2000,"MLE",17.40972
"SYR",2010,"MLE",18.89465
"SYR",2015,"MLE",15.48829
"SYR",2019,"MLE",18.22222
"SYR",2000,"FMLE",17.9824
"SYR",2010,"FMLE",19.62924
"SYR",2015,"FMLE",16.99096
"SYR",2019,"FMLE",19.27552
"SYR",2000,"BTSX",17.62987
"SYR",2010,"BTSX",19.20964
"SYR",2015,"BTSX",16.22723
"SYR",2019,"BTSX",18.71783
"TCD",2000,"MLE",13.75133
"TCD",2010,"MLE",14.58332
"TCD",2015,"MLE",15.20982
"TCD",2019,"MLE",15.68063
"TCD",2000,"FMLE",16.1117
"TCD",2010,"FMLE",16.63894
"TCD",2015,"FMLE",17.05198
"TCD",2019,"FMLE",17.33852
"TCD",2000,"BTSX",14.94555
"TCD",2010,"BTSX",15.62504
"TCD",2015,"BTSX",16.15681
"TCD",2019,"BTSX",16.54072
"TGO",2000,"MLE",14.04815
"TGO",2010,"MLE",14.15021
"TGO",2015,"MLE",14.78784
"TGO",2019,"MLE",15.44295
"TGO",2000,"FMLE",17.35062
"TGO",2010,"FMLE",17.81676
"TGO",2015,"FMLE",18.26805
"TGO",2019,"FMLE",18.64655
"TGO",2000,"BTSX",15.68324
"TGO",2010,"BTSX",15.9289
"TGO",2015,"BTSX",16.49329
"TGO",2019,"BTSX",17.03233
"THA",2000,"MLE",19.34824
"THA",2010,"MLE",21.70002
"THA",2015,"MLE",22.16246
"THA",2019,"MLE",22.11696
"THA",2000,"FMLE",22.10276
"THA",2010,"FMLE",23.80752
"THA",2015,"FMLE",24.72524
"THA",2019,"FMLE",24.83812
"THA",2000,"BTSX",20.77497
"THA",2010,"BTSX",22.81816
"THA",2015,"BTSX",23.52937
"THA",2019,"BTSX",23.57134
"TJK",2000,"MLE",16.4255
"TJK",2010,"MLE",14.71168
"TJK",2015,"MLE",14.46212
"TJK",2019,"MLE",15.1002
"TJK",2000,"FMLE",17.97771
"TJK",2010,"FMLE",16.64528
"TJK",2015,"FMLE",16.66832
"TJK",2019,"FMLE",17.18522
"TJK",2000,"BTSX",17.19629
"TJK",2010,"BTSX",15.61635
"TJK",2015,"BTSX",15.50796
"TJK",2019,"BTSX",16.12224
"TKM",2000,"MLE",14.41469
"TKM",2010,"MLE",15.33776
"TKM",2015,"MLE",16.2611
"TKM",2019,"MLE",17.06974
"TKM",2000,"FMLE",17.8175
"TKM",2010,"FMLE",18.84607
"TKM",2015,"FMLE",19.55172
"TKM",2019,"FMLE",20.11186
"TKM",2000,"BTSX",16.27775
"TKM",2010,"BTSX",17.1986
"TKM",2015,"BTSX",18.03837
"TKM",2019,"BTSX",18.74197
"TLS",2000,"MLE",17.71717
"TLS",2010,"MLE",17.70162
"TLS",2015,"MLE",17.18379
"TLS",2019,"MLE",16.9195
"TLS",2000,"FMLE",17.97919
"TLS",2010,"FMLE",18.81333
"TLS",2015,"FMLE",18.82304
"TLS",2019,"FMLE",18.87363
"TLS",2000,"BTSX",17.85818
"TLS",2010,"BTSX",18.28227
"TLS",2015,"BTSX",18.01901
"TLS",2019,"BTSX",17.90071
"TON",2000,"MLE",15.50364
"TON",2010,"MLE",16.65952
"TON",2015,"MLE",16.81894
"TON",2019,"MLE",17.03993
"TON",2000,"FMLE",20.79123
"TON",2010,"FMLE",21.21341
"TON",2015,"FMLE",21.13871
"TON",2019,"FMLE",21.16432
"TON",2000,"BTSX",17.99455
"TON",2010,"BTSX",18.9259
"TON",2015,"BTSX",18.89173
"TON",2019,"BTSX",19.02919
"TTO",2000,"MLE",16.39555
"TTO",2010,"MLE",17.61981
"TTO",2015,"MLE",19.37627
"TTO",2019,"MLE",20.40614
"TTO",2000,"FMLE",19.75908
"TTO",2010,"FMLE",21.52945
"TTO",2015,"FMLE",23.74495
"TTO",2019,"FMLE",25.01046
"TTO",2000,"BTSX",18.13575
"TTO",2010,"BTSX",19.61233
"TTO",2015,"BTSX",21.59176
"TTO",2019,"BTSX",22.72192
"TUN",2000,"MLE",18.89767
"TUN",2010,"MLE",19.56847
"TUN",2015,"MLE",19.89233
"TUN",2019,"MLE",20.15968
"TUN",2000,"FMLE",21.48032
"TUN",2010,"FMLE",22.11456
"TUN",2015,"FMLE",22.45291
"TUN",2019,"FMLE",22.82146
"TUN",2000,"BTSX",20.13634
"TUN",2010,"BTSX",20.85403
"TUN",2015,"BTSX",21.20749
"TUN",2019,"BTSX",21.53583
"TUR",2000,"MLE",20.10793
"TUR",2010,"MLE",19.7568
"TUR",2015,"MLE",19.85395
"TUR",2019,"MLE",20.61017
"TUR",2000,"FMLE",22.6928
"TUR",2010,"FMLE",22.55142
"TUR",2015,"FMLE",22.92029
"TUR",2019,"FMLE",23.24466
"TUR",2000,"BTSX",21.45848
"TUR",2010,"BTSX",21.1984
"TUR",2015,"BTSX",21.48406
"TUR",2019,"BTSX",22.03041
"TZA",2000,"MLE",14.3364
"TZA",2010,"MLE",16.01812
"TZA",2015,"MLE",16.69103
"TZA",2019,"MLE",17.05616
"TZA",2000,"FMLE",17.40722
"TZA",2010,"FMLE",18.34739
"TZA",2015,"FMLE",18.74386
"TZA",2019,"FMLE",19.06387
"TZA",2000,"BTSX",15.95217
"TZA",2010,"BTSX",17.31065
"TZA",2015,"BTSX",17.83135
"TZA",2019,"BTSX",18.1565
"UGA",2000,"MLE",12.48703
"UGA",2010,"MLE",14.41578
"UGA",2015,"MLE",15.17498
"UGA",2019,"MLE",15.67116
"UGA",2000,"FMLE",16.62395
"UGA",2010,"FMLE",18.66859
"UGA",2015,"FMLE",19.16009
"UGA",2019,"FMLE",19.37504
"UGA",2000,"BTSX",14.662
"UGA",2010,"BTSX",16.73995
"UGA",2015,"BTSX",17.35686
"UGA",2019,"BTSX",17.69996
"UKR",2000,"MLE",14.04074
"UKR",2010,"MLE",14.87724
"UKR",2015,"MLE",15.93329
"UKR",2019,"MLE",16.42862
"UKR",2000,"FMLE",18.83389
"UKR",2010,"FMLE",19.80723
"UKR",2015,"FMLE",21.11993
"UKR",2019,"FMLE",21.73228
"UKR",2000,"BTSX",16.77049
"UKR",2010,"BTSX",17.6839
"UKR",2015,"BTSX",18.93029
"UKR",2019,"BTSX",19.4935
"URY",2000,"MLE",17.72963
"URY",2010,"MLE",18.35575
"URY",2015,"MLE",19.01261
"URY",2019,"MLE",18.98192
"URY",2000,"FMLE",23.14175
"URY",2010,"FMLE",23.7431
"URY",2015,"FMLE",24.12286
"URY",2019,"FMLE",23.95554
"URY",2000,"BTSX",20.58798
"URY",2010,"BTSX",21.24634
"URY",2015,"BTSX",21.78415
"URY",2019,"BTSX",21.6683
"USA",2000,"MLE",19.77033
"USA",2010,"MLE",21.53837
"USA",2015,"MLE",21.7196
"USA",2019,"MLE",21.78413
"USA",2000,"FMLE",22.80136
"USA",2010,"FMLE",24.21461
"USA",2015,"FMLE",24.36762
"USA",2019,"FMLE",24.38056
"USA",2000,"BTSX",21.40679
"USA",2010,"BTSX",22.96352
"USA",2015,"BTSX",23.10877
"USA",2019,"BTSX",23.13398
"UZB",2000,"MLE",14.80912
"UZB",2010,"MLE",15.72928
"UZB",2015,"MLE",16.35916
"UZB",2019,"MLE",17.32741
"UZB",2000,"FMLE",17.13516
"UZB",2010,"FMLE",18.71951
"UZB",2015,"FMLE",19.03925
"UZB",2019,"FMLE",19.80528
"UZB",2000,"BTSX",16.04622
"UZB",2010,"BTSX",17.28374
"UZB",2015,"BTSX",17.75797
"UZB",2019,"BTSX",18.63536
"VCT",2000,"MLE",17.46635
"VCT",2010,"MLE",18.99201
"VCT",2015,"MLE",19.19857
"VCT",2019,"MLE",20.16405
"VCT",2000,"FMLE",19.46475
"VCT",2010,"FMLE",20.69703
"VCT",2015,"FMLE",21.03691
"VCT",2019,"FMLE",21.63444
"VCT",2000,"BTSX",18.51549
"VCT",2010,"BTSX",19.82338
"VCT",2015,"BTSX",20.08648
"VCT",2019,"BTSX",20.87124
"VEN",2000,"MLE",19.55385
"VEN",2010,"MLE",20.02678
"VEN",2015,"MLE",19.88929
"VEN",2019,"MLE",19.67468
"VEN",2000,"FMLE",22.87879
"VEN",2010,"FMLE",23.64235
"VEN",2015,"FMLE",23.69074
"VEN",2019,"FMLE",23.59788
"VEN",2000,"BTSX",21.26098
"VEN",2010,"BTSX",21.8875
"VEN",2015,"BTSX",21.84081
"VEN",2019,"BTSX",21.69348
"VNM",2000,"MLE",16.37295
"VNM",2010,"MLE",16.52407
"VNM",2015,"MLE",16.68189
"VNM",2019,"MLE",16.88175
"VNM",2000,"FMLE",20.99648
"VNM",2010,"FMLE",21.48923
"VNM",2015,"FMLE",21.77304
"VNM",2019,"FMLE",22.02781
"VNM",2000,"BTSX",18.85052
"VNM",2010,"BTSX",19.19963
"VNM",2015,"BTSX",19.39611
"VNM",2019,"BTSX",19.60033
"VUT",2000,"MLE",14.20444
"VUT",2010,"MLE",14.45123
"VUT",2015,"MLE",14.66612
"VUT",2019,"MLE",14.8333
"VUT",2000,"FMLE",16.02028
"VUT",2010,"FMLE",16.35416
"VUT",2015,"FMLE",16.54373
"VUT",2019,"FMLE",16.67093
"VUT",2000,"BTSX",14.991
"VUT",2010,"BTSX",15.33452
"VUT",2015,"BTSX",15.50957
"VUT",2019,"BTSX",15.67681
"WSM",2000,"MLE",16.0747
"WSM",2010,"MLE",16.82398
"WSM",2015,"MLE",17.10696
"WSM",2019,"MLE",17.35428
"WSM",2000,"FMLE",18.01762
"WSM",2010,"FMLE",18.1469
"WSM",2015,"FMLE",18.19909
"WSM",2019,"FMLE",18.31938
"WSM",2000,"BTSX",17.0523
"WSM",2010,"BTSX",17.51232
"WSM",2015,"BTSX",17.67895
"WSM",2019,"BTSX",17.85573
"YEM",2000,"MLE",15.7169
"YEM",2010,"MLE",16.78249
"YEM",2015,"MLE",16.99829
"YEM",2019,"MLE",16.77037
"YEM",2000,"FMLE",17.94833
"YEM",2010,"FMLE",18.74111
"YEM",2015,"FMLE",18.87742
"YEM",2019,"FMLE",18.71472
"YEM",2000,"BTSX",16.79865
"YEM",2010,"BTSX",17.7765
"YEM",2015,"BTSX",17.96644
"YEM",2019,"BTSX",17.77337
"ZAF",2000,"MLE",14.39968
"ZAF",2010,"MLE",15.0666
"ZAF",2015,"MLE",15.92886
"ZAF",2019,"MLE",17.34433
"ZAF",2000,"FMLE",17.95827
"ZAF",2010,"FMLE",18.49841
"ZAF",2015,"FMLE",19.12052
"ZAF",2019,"FMLE",20.52139
"ZAF",2000,"BTSX",16.22416
"ZAF",2010,"BTSX",16.92362
"ZAF",2015,"BTSX",17.68396
"ZAF",2019,"BTSX",19.12211
"ZMB",2000,"MLE",11.58627
"ZMB",2010,"MLE",13.37548
"ZMB",2015,"MLE",14.26217
"ZMB",2019,"MLE",14.6803
"ZMB",2000,"FMLE",14.70234
"ZMB",2010,"FMLE",17.0687
"ZMB",2015,"FMLE",17.65065
"ZMB",2019,"FMLE",18.04779
"ZMB",2000,"BTSX",13.20127
"ZMB",2010,"BTSX",15.39712
"ZMB",2015,"BTSX",16.13305
"ZMB",2019,"BTSX",16.53152
"ZWE",2000,"MLE",11.71249
"ZWE",2010,"MLE",12.36834
"ZWE",2015,"MLE",13.23097
"ZWE",2019,"MLE",13.58761
"ZWE",2000,"FMLE",17.14461
"ZWE",2010,"FMLE",15.36881
"ZWE",2015,"FMLE",16.45
"ZWE",2019,"FMLE",16.98877
"ZWE",2000,"BTSX",14.41137
"ZWE",2010,"BTSX",14.11814
"ZWE",2015,"BTSX",15.10877
"ZWE",2019,"BTSX",15.55015
"WB_LI",2000,"MLE",14.00247
"WB_LI",2010,"MLE",15.24089
"WB_LI",2015,"MLE",15.72942
"WB_LI",2019,"MLE",16.18727
"WB_LI",2000,"FMLE",16.31453
"WB_LI",2010,"FMLE",17.62354
"WB_LI",2015,"FMLE",18.08366
"WB_LI",2019,"FMLE",18.45841
"WB_LI",2000,"BTSX",15.21148
"WB_LI",2010,"BTSX",16.49062
"WB_LI",2015,"BTSX",16.97063
"WB_LI",2019,"BTSX",17.3895
"WB_LMI",2000,"MLE",15.54629
"WB_LMI",2010,"MLE",16.579
"WB_LMI",2015,"MLE",17.24787
"WB_LMI",2019,"MLE",17.57348
"WB_LMI",2000,"FMLE",17.61953
"WB_LMI",2010,"FMLE",18.95661
"WB_LMI",2015,"FMLE",19.29882
"WB_LMI",2019,"FMLE",19.60809
"WB_LMI",2000,"BTSX",16.5961
"WB_LMI",2010,"BTSX",17.77954
"WB_LMI",2015,"BTSX",18.28899
"WB_LMI",2019,"BTSX",18.60309
"WB_UMI",2000,"MLE",16.84855
"WB_UMI",2010,"MLE",17.97123
"WB_UMI",2015,"MLE",18.77796
"WB_UMI",2019,"MLE",19.28906
"WB_UMI",2000,"FMLE",20.16768
"WB_UMI",2010,"FMLE",21.53111
"WB_UMI",2015,"FMLE",22.54918
"WB_UMI",2019,"FMLE",22.95894
"WB_UMI",2000,"BTSX",18.52772
"WB_UMI",2010,"BTSX",19.76107
"WB_UMI",2015,"BTSX",20.68183
"WB_UMI",2019,"BTSX",21.15576
"WB_HI",2000,"MLE",19.73755
"WB_HI",2010,"MLE",21.592
"WB_HI",2015,"MLE",22.03042
"WB_HI",2019,"MLE",22.45573
"WB_HI",2000,"FMLE",23.69748
"WB_HI",2010,"FMLE",25.23412
"WB_HI",2015,"FMLE",25.48194
"WB_HI",2019,"FMLE",25.94681
"WB_HI",2000,"BTSX",21.86458
"WB_HI",2010,"BTSX",23.52187
"WB_HI",2015,"BTSX",23.84131
"WB_HI",2019,"BTSX",24.2764
"AFR",2000,"MLE",14.25158
"AFR",2010,"MLE",15.52045
"AFR",2015,"MLE",16.17498
"AFR",2019,"MLE",16.70744
"AFR",2000,"FMLE",16.76783
"AFR",2010,"FMLE",17.96958
"AFR",2015,"FMLE",18.51112
"AFR",2019,"FMLE",18.95406
"AFR",2000,"BTSX",15.52976
"AFR",2010,"BTSX",16.79184
"AFR",2015,"BTSX",17.39311
"AFR",2019,"BTSX",17.88238
"AMR",2000,"MLE",19.42099
"AMR",2010,"MLE",20.60474
"AMR",2015,"MLE",20.98046
"AMR",2019,"MLE",21.18079
"AMR",2000,"FMLE",22.54475
"AMR",2010,"FMLE",23.48162
"AMR",2015,"FMLE",23.81825
"AMR",2019,"FMLE",23.99892
"AMR",2000,"BTSX",21.08348
"AMR",2010,"BTSX",22.1247
"AMR",2015,"BTSX",22.47164
"AMR",2019,"BTSX",22.65528
"SEAR",2000,"MLE",15.84091
"SEAR",2010,"MLE",17.11666
"SEAR",2015,"MLE",17.90824
"SEAR",2019,"MLE",18.1918
"SEAR",2000,"FMLE",17.43414
"SEAR",2010,"FMLE",19.30062
"SEAR",2015,"FMLE",19.6777
"SEAR",2019,"FMLE",19.97954
"SEAR",2000,"BTSX",16.64248
"SEAR",2010,"BTSX",18.20887
"SEAR",2015,"BTSX",18.80059
"SEAR",2019,"BTSX",19.09029
"EUR",2000,"MLE",17.35352
"EUR",2010,"MLE",19.19561
"EUR",2015,"MLE",19.86401
"EUR",2019,"MLE",20.4643
"EUR",2000,"FMLE",21.51937
"EUR",2010,"FMLE",23.04795
"EUR",2015,"FMLE",23.62596
"EUR",2019,"FMLE",24.30807
"EUR",2000,"BTSX",19.62757
"EUR",2010,"BTSX",21.27547
"EUR",2015,"BTSX",21.89099
"EUR",2019,"BTSX",22.53372
"EMR",2000,"MLE",16.48046
"EMR",2010,"MLE",17.16267
"EMR",2015,"MLE",17.32749
"EMR",2019,"MLE",17.80031
"EMR",2000,"FMLE",18.32063
"EMR",2010,"FMLE",18.81553
"EMR",2015,"FMLE",18.86392
"EMR",2019,"FMLE",19.31911
"EMR",2000,"BTSX",17.36666
"EMR",2010,"BTSX",17.97255
"EMR",2015,"BTSX",18.07798
"EMR",2019,"BTSX",18.54614
"WPR",2000,"MLE",17.4895
"WPR",2010,"MLE",18.54161
"WPR",2015,"MLE",19.29062
"WPR",2019,"MLE",19.77591
"WPR",2000,"FMLE",21.20626
"WPR",2010,"FMLE",22.64802
"WPR",2015,"FMLE",23.61814
"WPR",2019,"FMLE",23.88307
"WPR",2000,"BTSX",19.31877
"WPR",2010,"BTSX",20.54223
"WPR",2015,"BTSX",21.40878
"WPR",2019,"BTSX",21.80384
"GLOBAL",2000,"MLE",17.16069
"GLOBAL",2010,"MLE",18.43366
"GLOBAL",2015,"MLE",19.10378
"GLOBAL",2019,"MLE",19.51745
"GLOBAL",2000,"FMLE",20.39618
"GLOBAL",2010,"FMLE",21.7464
"GLOBAL",2015,"FMLE",22.31022
"GLOBAL",2019,"FMLE",22.67449
"GLOBAL",2000,"BTSX",18.83003
"GLOBAL",2010,"BTSX",20.13311
"GLOBAL",2015,"BTSX",20.75087
"GLOBAL",2019,"BTSX",21.13761
